<?xml version="1.0" encoding="UTF-8"?><?xml-stylesheet type="text/css" href="idempiereDocument.css"?><idempiereDocument>
    <header>AD_Package_Exp Package Description</header>
    <H1>Package Name:</H1>
    <packagename>AD_Package_Exp</packagename>
    <H1>Author:</H1>
    <Name:>Hiep</Name:>
    <H1>Email Address:</H1>
    <Email>hieplq@hasuvimex.vn</Email>
    <H1>Created:</H1>
    <Date>Sat Feb 22 10:51:44 ICT 2025</Date>
    <H1>Updated:</H1>
    <Date>Sat Feb 22 10:51:44 ICT 2025</Date>
    <H1>Description:</H1>
    <description/>
    <H1>Instructions:</H1>
    <instructions/>
    <H1>Files in Package:</H1>
    <file>File: PackOut.xml</file>
    <filedirectory>Directory: \dict\</filedirectory>
    <filenotes>Notes: Contains all application/object settings for package</filenotes>
    <H1>Client:</H1>
    <Client>1000000-MQA-MQA</Client>
</idempiereDocument>
