<?xml version="1.0" encoding="UTF-8"?><idempiere Name="Payment Selection Manual" Version="1.0.0" idempiereVersion="" DataBaseVersion="" Description="" Author="" AuthorEmail="" CreatedDate="2025-02-13 02:21:40.366" UpdatedDate="2025-02-13 03:22:45.966" PackOutVersion="100" UpdateDictionary="false" Client="0-SYSTEM-System" AD_Client_UU="11237b53-9592-4af1-b3c5-afd216514b5d">
    <AD_EntityType type="table">
        <AD_Client_ID>0</AD_Client_ID>
        <AD_Org_ID>0</AD_Org_ID>
        <EntityType>za.co.ntier.payment.selection.manual</EntityType>
        <IsActive>Y</IsActive>
        <Name>ZZ Payment.Selection.Manual</Name>
        <Description/>
        <Help/>
        <Version/>
        <ModelPackage/>
        <Classpath/>
        <Processing>N</Processing>
        <AD_EntityType_UU>0337749a-8c33-467c-8ca7-79cb8ff35ed2</AD_EntityType_UU>
    </AD_EntityType>
    <AD_InfoWindow type="table">
        <AD_Client_ID>0</AD_Client_ID>
        <AD_Org_ID>0</AD_Org_ID>
        <IsActive>Y</IsActive>
        <Name>Payment Selection (manual)</Name>
        <Description>Manual Payment Selection</Description>
        <Help>Select vendor invoices for payment. If you don't see an invoice, make sure that it is not included in a different (processed) Payment Selection.</Help>
        <AD_Table_ID reference="id">200296</AD_Table_ID>
        <EntityType>za.co.ntier.payment.selection.manual</EntityType>
        <FromClause>C_Invoice_v i INNER JOIN C_Currency c ON (i.C_Currency_ID=c.C_Currency_ID) INNER JOIN C_PaymentTerm p ON (i.C_PaymentTerm_ID=p.C_PaymentTerm_ID)</FromClause>
        <OtherClause/>
        <Processing>N</Processing>
        <AD_InfoWindow_UU>1cadacc9-bc7b-41b1-bcb9-7eb639847ffa</AD_InfoWindow_UU>
        <WhereClause>IsPaid='N' AND invoiceOpenToDate(i.C_Invoice_ID, i.C_InvoicePaySchedule_ID, SysDate) != 0 AND (i.C_InvoicePaySchedule_ID &gt; 0 OR NOT EXISTS (SELECT * FROM C_PaySelectionLine psl INNER JOIN C_PaySelectionCheck psc ON (psl.C_PaySelectionCheck_ID=psc.C_PaySelectionCheck_ID) LEFT OUTER JOIN C_Payment pmt ON (pmt.C_Payment_ID=psc.C_Payment_ID) WHERE i.C_Invoice_ID=psl.C_Invoice_ID AND psl.IsActive='Y' AND (pmt.DocStatus IS NULL OR pmt.DocStatus NOT IN ('VO','RE'))) AND i.DocStatus IN ('CO','CL'))</WhereClause>
        <IsDefault>N</IsDefault>
        <IsDistinct>N</IsDistinct>
        <OrderByClause/>
        <IsValid>Y</IsValid>
        <AD_CtxHelp_ID reference="id"/>
        <ImageURL/>
        <SeqNo>1770</SeqNo>
        <IsShowInDashboard>N</IsShowInDashboard>
        <MaxQueryRecords>0</MaxQueryRecords>
        <isLoadPageNum>Y</isLoadPageNum>
        <PagingSize>0</PagingSize>
        <AD_Window_ID reference="id"/>
        <PO_Window_ID reference="id"/>
        <AD_InfoWindow_Trl type="translation">
            <Description>Manual Payment Selection</Description>
            <Help>Select vendor invoices for payment. If you don't see an invoice, make sure that it is not included in a different (processed) Payment Selection.</Help>
            <Name>Payment Selection (manual)</Name>
            <AD_Language>en_ZA</AD_Language>
            <IsActive>Y</IsActive>
            <IsTranslated>Y</IsTranslated>
        </AD_InfoWindow_Trl>
        <AD_InfoWindow_Trl type="translation">
            <Description>Manual Payment Selection</Description>
            <Help>Select vendor invoices for payment. If you don't see an invoice, make sure that it is not included in a different (processed) Payment Selection.</Help>
            <Name>Payment Selection (manual)</Name>
            <AD_Language>es_CO</AD_Language>
            <IsActive>Y</IsActive>
            <IsTranslated>N</IsTranslated>
        </AD_InfoWindow_Trl>
        <AD_InfoColumn type="table">
            <AD_Client_ID>0</AD_Client_ID>
            <AD_Org_ID>0</AD_Org_ID>
            <IsActive>Y</IsActive>
            <Name>Invoice</Name>
            <Description>Invoice Identifier</Description>
            <Help>The Invoice Document.</Help>
            <AD_InfoWindow_ID reference="uuid" reference-key="AD_InfoWindow">1cadacc9-bc7b-41b1-bcb9-7eb639847ffa</AD_InfoWindow_ID>
            <EntityType>za.co.ntier.payment.selection.manual</EntityType>
            <SelectClause>i.C_Invoice_ID</SelectClause>
            <SeqNo>10</SeqNo>
            <IsDisplayed>N</IsDisplayed>
            <IsQueryCriteria>N</IsQueryCriteria>
            <AD_Element_ID reference="id">1008</AD_Element_ID>
            <AD_Reference_ID reference="id">13</AD_Reference_ID>
            <AD_InfoColumn_UU>df444b69-2a3d-4e38-9268-a693ddb1c6e3</AD_InfoColumn_UU>
            <AD_Reference_Value_ID reference="id"/>
            <AD_Val_Rule_ID reference="id"/>
            <IsCentrallyMaintained>Y</IsCentrallyMaintained>
            <DisplayLogic/>
            <ColumnName>C_Invoice_ID</ColumnName>
            <QueryOperator>=</QueryOperator>
            <QueryFunction/>
            <IsIdentifier>N</IsIdentifier>
            <SeqNoSelection>0</SeqNoSelection>
            <DefaultValue/>
            <IsMandatory>N</IsMandatory>
            <IsKey>Y</IsKey>
            <IsReadOnly>Y</IsReadOnly>
            <Placeholder/>
            <InputFieldValidation/>
            <AD_FieldStyle_ID reference="id"/>
            <IsAutocomplete>N</IsAutocomplete>
            <IsQueryAfterChange>N</IsQueryAfterChange>
            <IsRange>N</IsRange>
            <DefaultValue2/>
            <Placeholder2/>
            <AD_InfoColumn_Trl type="translation">
                <Description>Identificador de la factura</Description>
                <Help>La ID de Factura identifica únicamente un documento de Factura.</Help>
                <Name>Factura</Name>
                <Placeholder/>
                <Placeholder2/>
                <AD_Language>es_CO</AD_Language>
                <IsActive>Y</IsActive>
                <IsTranslated>Y</IsTranslated>
            </AD_InfoColumn_Trl>
            <AD_InfoColumn_Trl type="translation">
                <Description>Invoice Identifier</Description>
                <Help>The Invoice Document.</Help>
                <Name>Invoice</Name>
                <Placeholder/>
                <Placeholder2/>
                <AD_Language>en_ZA</AD_Language>
                <IsActive>Y</IsActive>
                <IsTranslated>Y</IsTranslated>
            </AD_InfoColumn_Trl>
        </AD_InfoColumn>
        <AD_Val_Rule type="table">
            <AD_Client_ID>0</AD_Client_ID>
            <AD_Org_ID>0</AD_Org_ID>
            <Name>Payment Selection - BParner </Name>
            <Description/>
            <Type>S</Type>
            <Code>EXISTS (SELECT * FROM C_Invoice i WHERE C_BPartner.C_BPartner_ID=i.C_BPartner_ID
AND (i.IsSOTrx='N' OR (i.IsSOTrx='Y' AND i.PaymentRule='D'))
AND i.IsPaid&lt;&gt;'Y')</Code>
            <IsActive>Y</IsActive>
            <EntityType>za.co.ntier.payment.selection.manual</EntityType>
            <AD_Val_Rule_UU>7c8876bf-9356-4f5d-b2be-8cad6dce5700</AD_Val_Rule_UU>
        </AD_Val_Rule>
        <AD_InfoColumn type="table">
            <AD_Client_ID>0</AD_Client_ID>
            <AD_Org_ID>0</AD_Org_ID>
            <IsActive>Y</IsActive>
            <Name>Business Partner</Name>
            <Description>Identifies a Business Partner</Description>
            <Help>A Business Partner is anyone with whom you transact.  This can include Vendor, Customer, Employee or Salesperson</Help>
            <AD_InfoWindow_ID reference="uuid" reference-key="AD_InfoWindow">1cadacc9-bc7b-41b1-bcb9-7eb639847ffa</AD_InfoWindow_ID>
            <EntityType>za.co.ntier.payment.selection.manual</EntityType>
            <SelectClause>i.C_BPartner_ID</SelectClause>
            <SeqNo>30</SeqNo>
            <IsDisplayed>Y</IsDisplayed>
            <IsQueryCriteria>Y</IsQueryCriteria>
            <AD_Element_ID reference="id">187</AD_Element_ID>
            <AD_Reference_ID reference="id">19</AD_Reference_ID>
            <AD_InfoColumn_UU>2d168b85-71b8-48da-af57-20b42c530ef0</AD_InfoColumn_UU>
            <AD_Reference_Value_ID reference="id"/>
            <AD_Val_Rule_ID reference="uuid" reference-key="AD_Val_Rule">7c8876bf-9356-4f5d-b2be-8cad6dce5700</AD_Val_Rule_ID>
            <IsCentrallyMaintained>Y</IsCentrallyMaintained>
            <DisplayLogic/>
            <ColumnName>C_BPartner_ID</ColumnName>
            <QueryOperator>=</QueryOperator>
            <QueryFunction/>
            <IsIdentifier>N</IsIdentifier>
            <SeqNoSelection>45</SeqNoSelection>
            <DefaultValue/>
            <IsMandatory>N</IsMandatory>
            <IsKey>N</IsKey>
            <IsReadOnly>Y</IsReadOnly>
            <Placeholder/>
            <InputFieldValidation/>
            <AD_FieldStyle_ID reference="id"/>
            <IsAutocomplete>N</IsAutocomplete>
            <IsQueryAfterChange>N</IsQueryAfterChange>
            <IsRange>N</IsRange>
            <DefaultValue2/>
            <Placeholder2/>
            <AD_InfoColumn_Trl type="translation">
                <Description>Identifica un Tercero</Description>
                <Help>Un tercero es cualquiera con quien usted realiza transacciones. Este puede incluir Proveedores, Clientes, Empleados o Vendedores.</Help>
                <Name>Tercero</Name>
                <Placeholder/>
                <Placeholder2/>
                <AD_Language>es_CO</AD_Language>
                <IsActive>Y</IsActive>
                <IsTranslated>Y</IsTranslated>
            </AD_InfoColumn_Trl>
            <AD_InfoColumn_Trl type="translation">
                <Description>Identifies a Business Partner</Description>
                <Help>A Business Partner is anyone with whom you transact.  This can include Vendor, Customer, Employee or Salesperson</Help>
                <Name>Business Partner</Name>
                <Placeholder/>
                <Placeholder2/>
                <AD_Language>en_ZA</AD_Language>
                <IsActive>Y</IsActive>
                <IsTranslated>Y</IsTranslated>
            </AD_InfoColumn_Trl>
        </AD_InfoColumn>
        <AD_InfoColumn type="table">
            <AD_Client_ID>0</AD_Client_ID>
            <AD_Org_ID>0</AD_Org_ID>
            <IsActive>Y</IsActive>
            <Name>Currency</Name>
            <Description>The Currency for this record</Description>
            <Help>Indicates the Currency to be used when processing or reporting on this record</Help>
            <AD_InfoWindow_ID reference="uuid" reference-key="AD_InfoWindow">1cadacc9-bc7b-41b1-bcb9-7eb639847ffa</AD_InfoWindow_ID>
            <EntityType>za.co.ntier.payment.selection.manual</EntityType>
            <SelectClause>c.C_Currency_ID</SelectClause>
            <SeqNo>50</SeqNo>
            <IsDisplayed>Y</IsDisplayed>
            <IsQueryCriteria>N</IsQueryCriteria>
            <AD_Element_ID reference="id">193</AD_Element_ID>
            <AD_Reference_ID reference="id">19</AD_Reference_ID>
            <AD_InfoColumn_UU>7f4bf08e-c606-408c-9779-9d2b88b58f34</AD_InfoColumn_UU>
            <AD_Reference_Value_ID reference="id"/>
            <AD_Val_Rule_ID reference="id"/>
            <IsCentrallyMaintained>Y</IsCentrallyMaintained>
            <DisplayLogic/>
            <ColumnName>C_Currency_ID</ColumnName>
            <QueryOperator>=</QueryOperator>
            <QueryFunction>Upper</QueryFunction>
            <IsIdentifier>N</IsIdentifier>
            <SeqNoSelection>0</SeqNoSelection>
            <DefaultValue/>
            <IsMandatory>N</IsMandatory>
            <IsKey>N</IsKey>
            <IsReadOnly>Y</IsReadOnly>
            <Placeholder/>
            <InputFieldValidation/>
            <AD_FieldStyle_ID reference="id"/>
            <IsAutocomplete>N</IsAutocomplete>
            <IsQueryAfterChange>N</IsQueryAfterChange>
            <IsRange>N</IsRange>
            <DefaultValue2/>
            <Placeholder2/>
            <AD_InfoColumn_Trl type="translation">
                <Description>Moneda para este registro</Description>
                <Help>Indica la moneda a ser usada cuando se procese o Informe este registro</Help>
                <Name>Moneda</Name>
                <Placeholder/>
                <Placeholder2/>
                <AD_Language>es_CO</AD_Language>
                <IsActive>Y</IsActive>
                <IsTranslated>Y</IsTranslated>
            </AD_InfoColumn_Trl>
            <AD_InfoColumn_Trl type="translation">
                <Description>The Currency for this record</Description>
                <Help>Indicates the Currency to be used when processing or reporting on this record</Help>
                <Name>Currency</Name>
                <Placeholder/>
                <Placeholder2/>
                <AD_Language>en_ZA</AD_Language>
                <IsActive>Y</IsActive>
                <IsTranslated>Y</IsTranslated>
            </AD_InfoColumn_Trl>
        </AD_InfoColumn>
        <AD_InfoColumn type="table">
            <AD_Client_ID>0</AD_Client_ID>
            <AD_Org_ID>0</AD_Org_ID>
            <IsActive>Y</IsActive>
            <Name>Grand Total</Name>
            <Description>Total amount of document</Description>
            <Help>The Grand Total displays the total amount including Tax and Freight in document currency</Help>
            <AD_InfoWindow_ID reference="uuid" reference-key="AD_InfoWindow">1cadacc9-bc7b-41b1-bcb9-7eb639847ffa</AD_InfoWindow_ID>
            <EntityType>za.co.ntier.payment.selection.manual</EntityType>
            <SelectClause>i.GrandTotal</SelectClause>
            <SeqNo>60</SeqNo>
            <IsDisplayed>Y</IsDisplayed>
            <IsQueryCriteria>N</IsQueryCriteria>
            <AD_Element_ID reference="id">316</AD_Element_ID>
            <AD_Reference_ID reference="id">12</AD_Reference_ID>
            <AD_InfoColumn_UU>0f8464d2-8754-4049-acbc-e920e82f179a</AD_InfoColumn_UU>
            <AD_Reference_Value_ID reference="id"/>
            <AD_Val_Rule_ID reference="id"/>
            <IsCentrallyMaintained>Y</IsCentrallyMaintained>
            <DisplayLogic/>
            <ColumnName>GrandTotal</ColumnName>
            <QueryOperator>=</QueryOperator>
            <QueryFunction/>
            <IsIdentifier>N</IsIdentifier>
            <SeqNoSelection>0</SeqNoSelection>
            <DefaultValue/>
            <IsMandatory>N</IsMandatory>
            <IsKey>N</IsKey>
            <IsReadOnly>Y</IsReadOnly>
            <Placeholder/>
            <InputFieldValidation/>
            <AD_FieldStyle_ID reference="id"/>
            <IsAutocomplete>N</IsAutocomplete>
            <IsQueryAfterChange>N</IsQueryAfterChange>
            <IsRange>N</IsRange>
            <DefaultValue2/>
            <Placeholder2/>
            <AD_InfoColumn_Trl type="translation">
                <Description>Total del documento</Description>
                <Help>El gran total identifica el total incluyendo impuestos y totales de fletes en la moneda del documento.</Help>
                <Name>Gran Total</Name>
                <Placeholder/>
                <Placeholder2/>
                <AD_Language>es_CO</AD_Language>
                <IsActive>Y</IsActive>
                <IsTranslated>Y</IsTranslated>
            </AD_InfoColumn_Trl>
            <AD_InfoColumn_Trl type="translation">
                <Description>Total amount of document</Description>
                <Help>The Grand Total displays the total amount including Tax and Freight in document currency</Help>
                <Name>Grand Total</Name>
                <Placeholder/>
                <Placeholder2/>
                <AD_Language>en_ZA</AD_Language>
                <IsActive>Y</IsActive>
                <IsTranslated>Y</IsTranslated>
            </AD_InfoColumn_Trl>
        </AD_InfoColumn>
        <AD_InfoColumn type="table">
            <AD_Client_ID>0</AD_Client_ID>
            <AD_Org_ID>0</AD_Org_ID>
            <IsActive>Y</IsActive>
            <Name>Discount Date</Name>
            <Description>Last Date for payments with discount</Description>
            <Help>Last Date where a deduction of the payment discount is allowed</Help>
            <AD_InfoWindow_ID reference="uuid" reference-key="AD_InfoWindow">1cadacc9-bc7b-41b1-bcb9-7eb639847ffa</AD_InfoWindow_ID>
            <EntityType>za.co.ntier.payment.selection.manual</EntityType>
            <SelectClause>COALESCE((SELECT discountdate from C_InvoicePaySchedule ips WHERE ips.C_InvoicePaySchedule_ID=i.C_InvoicePaySchedule_ID),i.DateInvoiced+p.DiscountDays+p.GraceDays) AS DiscountDate</SelectClause>
            <SeqNo>90</SeqNo>
            <IsDisplayed>Y</IsDisplayed>
            <IsQueryCriteria>N</IsQueryCriteria>
            <AD_Element_ID reference="id">1998</AD_Element_ID>
            <AD_Reference_ID reference="id">16</AD_Reference_ID>
            <AD_InfoColumn_UU>052c3010-8450-4f87-9dcd-74324faebbcf</AD_InfoColumn_UU>
            <AD_Reference_Value_ID reference="id"/>
            <AD_Val_Rule_ID reference="id"/>
            <IsCentrallyMaintained>Y</IsCentrallyMaintained>
            <DisplayLogic/>
            <ColumnName>DiscountDate</ColumnName>
            <QueryOperator>=</QueryOperator>
            <QueryFunction/>
            <IsIdentifier>N</IsIdentifier>
            <SeqNoSelection>0</SeqNoSelection>
            <DefaultValue/>
            <IsMandatory>N</IsMandatory>
            <IsKey>N</IsKey>
            <IsReadOnly>Y</IsReadOnly>
            <Placeholder/>
            <InputFieldValidation/>
            <AD_FieldStyle_ID reference="id"/>
            <IsAutocomplete>N</IsAutocomplete>
            <IsQueryAfterChange>N</IsQueryAfterChange>
            <IsRange>N</IsRange>
            <DefaultValue2/>
            <Placeholder2/>
            <AD_InfoColumn_Trl type="translation">
                <Description>Última fecha para pagos con descuentos</Description>
                <Help>La fecha pasada donde una deducción del descuento de pago se permite.</Help>
                <Name>Fecha Descuento</Name>
                <Placeholder/>
                <Placeholder2/>
                <AD_Language>es_CO</AD_Language>
                <IsActive>Y</IsActive>
                <IsTranslated>Y</IsTranslated>
            </AD_InfoColumn_Trl>
            <AD_InfoColumn_Trl type="translation">
                <Description>Last Date for payments with discount</Description>
                <Help>Last Date where a deduction of the payment discount is allowed</Help>
                <Name>Discount Date</Name>
                <Placeholder/>
                <Placeholder2/>
                <AD_Language>en_ZA</AD_Language>
                <IsActive>Y</IsActive>
                <IsTranslated>Y</IsTranslated>
            </AD_InfoColumn_Trl>
        </AD_InfoColumn>
        <AD_Val_Rule type="table">
            <AD_Client_ID>0</AD_Client_ID>
            <AD_Org_ID>0</AD_Org_ID>
            <Name>Payment Selection - DocType</Name>
            <Description/>
            <Type>S</Type>
            <Code>docbasetype in ('API','APC','ARI','ARC')</Code>
            <IsActive>Y</IsActive>
            <EntityType>za.co.ntier.payment.selection.manual</EntityType>
            <AD_Val_Rule_UU>bc871ff0-ce1c-4cc3-82ed-83c0421faade</AD_Val_Rule_UU>
        </AD_Val_Rule>
        <AD_InfoColumn type="table">
            <AD_Client_ID>0</AD_Client_ID>
            <AD_Org_ID>0</AD_Org_ID>
            <IsActive>Y</IsActive>
            <Name>Document Type</Name>
            <Description>Document type or rules</Description>
            <Help>The Document Type determines document sequence and processing rules</Help>
            <AD_InfoWindow_ID reference="uuid" reference-key="AD_InfoWindow">1cadacc9-bc7b-41b1-bcb9-7eb639847ffa</AD_InfoWindow_ID>
            <EntityType>za.co.ntier.payment.selection.manual</EntityType>
            <SelectClause>c_doctype_id</SelectClause>
            <SeqNo>140</SeqNo>
            <IsDisplayed>N</IsDisplayed>
            <IsQueryCriteria>Y</IsQueryCriteria>
            <AD_Element_ID reference="id">196</AD_Element_ID>
            <AD_Reference_ID reference="id">19</AD_Reference_ID>
            <AD_InfoColumn_UU>4d269e2e-3299-4744-93f0-4459ff27f839</AD_InfoColumn_UU>
            <AD_Reference_Value_ID reference="id"/>
            <AD_Val_Rule_ID reference="uuid" reference-key="AD_Val_Rule">bc871ff0-ce1c-4cc3-82ed-83c0421faade</AD_Val_Rule_ID>
            <IsCentrallyMaintained>Y</IsCentrallyMaintained>
            <DisplayLogic/>
            <ColumnName>C_DocType_ID</ColumnName>
            <QueryOperator>=</QueryOperator>
            <QueryFunction/>
            <IsIdentifier>N</IsIdentifier>
            <SeqNoSelection>60</SeqNoSelection>
            <DefaultValue>@SQL=SELECT C_DocType_ID FROM C_DocType WHERE name = 'AP Invoice' AND AD_Client_ID = @#AD_Client_ID@</DefaultValue>
            <IsMandatory>N</IsMandatory>
            <IsKey>N</IsKey>
            <IsReadOnly>Y</IsReadOnly>
            <Placeholder/>
            <InputFieldValidation/>
            <AD_FieldStyle_ID reference="id"/>
            <IsAutocomplete>N</IsAutocomplete>
            <IsQueryAfterChange>N</IsQueryAfterChange>
            <IsRange>N</IsRange>
            <DefaultValue2/>
            <Placeholder2/>
            <AD_InfoColumn_Trl type="translation">
                <Description>Tipo de documento o reglas</Description>
                <Help>El tipo de documento determina la secuencia del documento y las reglas de proceso</Help>
                <Name>Tipo de Documento</Name>
                <Placeholder/>
                <Placeholder2/>
                <AD_Language>es_CO</AD_Language>
                <IsActive>Y</IsActive>
                <IsTranslated>Y</IsTranslated>
            </AD_InfoColumn_Trl>
            <AD_InfoColumn_Trl type="translation">
                <Description>Document type or rules</Description>
                <Help>The Document Type determines document sequence and processing rules</Help>
                <Name>Document Type</Name>
                <Placeholder/>
                <Placeholder2/>
                <AD_Language>en_ZA</AD_Language>
                <IsActive>Y</IsActive>
                <IsTranslated>Y</IsTranslated>
            </AD_InfoColumn_Trl>
        </AD_InfoColumn>
        <AD_Val_Rule type="table">
            <AD_Client_ID>0</AD_Client_ID>
            <AD_Org_ID>0</AD_Org_ID>
            <Name>Payment Selection - Payment Rule</Name>
            <Description/>
            <Type>S</Type>
            <Code>Value IN (SELECT PaymentRule FROM C_BankAccountDoc WHERE C_BankAccount_ID=@C_BankAccount_ID@ AND IsActive='Y')</Code>
            <IsActive>Y</IsActive>
            <EntityType>za.co.ntier.payment.selection.manual</EntityType>
            <AD_Val_Rule_UU>ff0f4e01-a661-41cc-8de1-6620384010f6</AD_Val_Rule_UU>
        </AD_Val_Rule>
        <AD_InfoColumn type="table">
            <AD_Client_ID>0</AD_Client_ID>
            <AD_Org_ID>0</AD_Org_ID>
            <IsActive>Y</IsActive>
            <Name>Payment Rule</Name>
            <Description>How you pay the invoice</Description>
            <Help>The Payment Rule indicates the method of invoice payment.</Help>
            <AD_InfoWindow_ID reference="uuid" reference-key="AD_InfoWindow">1cadacc9-bc7b-41b1-bcb9-7eb639847ffa</AD_InfoWindow_ID>
            <EntityType>za.co.ntier.payment.selection.manual</EntityType>
            <SelectClause>0</SelectClause>
            <SeqNo>150</SeqNo>
            <IsDisplayed>N</IsDisplayed>
            <IsQueryCriteria>Y</IsQueryCriteria>
            <AD_Element_ID reference="id">1143</AD_Element_ID>
            <AD_Reference_ID reference="id">17</AD_Reference_ID>
            <AD_InfoColumn_UU>6cf7052e-9bac-476d-882b-25ea52b48c1f</AD_InfoColumn_UU>
            <AD_Reference_Value_ID reference="id">195</AD_Reference_Value_ID>
            <AD_Val_Rule_ID reference="uuid" reference-key="AD_Val_Rule">ff0f4e01-a661-41cc-8de1-6620384010f6</AD_Val_Rule_ID>
            <IsCentrallyMaintained>Y</IsCentrallyMaintained>
            <DisplayLogic/>
            <ColumnName>PaymentRule</ColumnName>
            <QueryOperator>=</QueryOperator>
            <QueryFunction/>
            <IsIdentifier>N</IsIdentifier>
            <SeqNoSelection>30</SeqNoSelection>
            <DefaultValue/>
            <IsMandatory>Y</IsMandatory>
            <IsKey>N</IsKey>
            <IsReadOnly>Y</IsReadOnly>
            <Placeholder/>
            <InputFieldValidation/>
            <AD_FieldStyle_ID reference="id"/>
            <IsAutocomplete>N</IsAutocomplete>
            <IsQueryAfterChange>N</IsQueryAfterChange>
            <IsRange>N</IsRange>
            <DefaultValue2/>
            <Placeholder2/>
            <AD_InfoColumn_Trl type="translation">
                <Description>Como se pagará la factura</Description>
                <Help>La Regla de Pagos indica el método de pago de la factura</Help>
                <Name>Regla de Pago</Name>
                <Placeholder/>
                <Placeholder2/>
                <AD_Language>es_CO</AD_Language>
                <IsActive>Y</IsActive>
                <IsTranslated>Y</IsTranslated>
            </AD_InfoColumn_Trl>
            <AD_InfoColumn_Trl type="translation">
                <Description>How you pay the invoice</Description>
                <Help>The Payment Rule indicates the method of invoice payment.</Help>
                <Name>Payment Rule</Name>
                <Placeholder/>
                <Placeholder2/>
                <AD_Language>en_ZA</AD_Language>
                <IsActive>Y</IsActive>
                <IsTranslated>Y</IsTranslated>
            </AD_InfoColumn_Trl>
        </AD_InfoColumn>
        <AD_InfoColumn type="table">
            <AD_Client_ID>0</AD_Client_ID>
            <AD_Org_ID>0</AD_Org_ID>
            <IsActive>Y</IsActive>
            <Name>Only Due</Name>
            <Description>Include only due invoices</Description>
            <Help/>
            <AD_InfoWindow_ID reference="uuid" reference-key="AD_InfoWindow">1cadacc9-bc7b-41b1-bcb9-7eb639847ffa</AD_InfoWindow_ID>
            <EntityType>za.co.ntier.payment.selection.manual</EntityType>
            <SelectClause>0</SelectClause>
            <SeqNo>160</SeqNo>
            <IsDisplayed>N</IsDisplayed>
            <IsQueryCriteria>Y</IsQueryCriteria>
            <AD_Element_ID reference="id">1674</AD_Element_ID>
            <AD_Reference_ID reference="id">20</AD_Reference_ID>
            <AD_InfoColumn_UU>77ca68a7-918d-4475-a27a-276f37746496</AD_InfoColumn_UU>
            <AD_Reference_Value_ID reference="id"/>
            <AD_Val_Rule_ID reference="id"/>
            <IsCentrallyMaintained>Y</IsCentrallyMaintained>
            <DisplayLogic/>
            <ColumnName>OnlyDue</ColumnName>
            <QueryOperator>=</QueryOperator>
            <QueryFunction/>
            <IsIdentifier>N</IsIdentifier>
            <SeqNoSelection>90</SeqNoSelection>
            <DefaultValue/>
            <IsMandatory>N</IsMandatory>
            <IsKey>N</IsKey>
            <IsReadOnly>Y</IsReadOnly>
            <Placeholder/>
            <InputFieldValidation/>
            <AD_FieldStyle_ID reference="id"/>
            <IsAutocomplete>N</IsAutocomplete>
            <IsQueryAfterChange>N</IsQueryAfterChange>
            <IsRange>N</IsRange>
            <DefaultValue2/>
            <Placeholder2/>
            <AD_InfoColumn_Trl type="translation">
                <Description>Incluye solamente facturas que se encuentren vencidas en la fecha de pago seleccionada</Description>
                <Help/>
                <Name>Sólo vencidas</Name>
                <Placeholder/>
                <Placeholder2/>
                <AD_Language>es_CO</AD_Language>
                <IsActive>Y</IsActive>
                <IsTranslated>Y</IsTranslated>
            </AD_InfoColumn_Trl>
            <AD_InfoColumn_Trl type="translation">
                <Description>Include only due invoices</Description>
                <Help/>
                <Name>Only Due</Name>
                <Placeholder/>
                <Placeholder2/>
                <AD_Language>en_ZA</AD_Language>
                <IsActive>Y</IsActive>
                <IsTranslated>Y</IsTranslated>
            </AD_InfoColumn_Trl>
        </AD_InfoColumn>
        <AD_InfoColumn type="table">
            <AD_Client_ID>0</AD_Client_ID>
            <AD_Org_ID>0</AD_Org_ID>
            <IsActive>Y</IsActive>
            <Name>Only positive balance</Name>
            <Description>Include only positive balance</Description>
            <Help/>
            <AD_InfoWindow_ID reference="uuid" reference-key="AD_InfoWindow">1cadacc9-bc7b-41b1-bcb9-7eb639847ffa</AD_InfoWindow_ID>
            <EntityType>za.co.ntier.payment.selection.manual</EntityType>
            <SelectClause>0</SelectClause>
            <SeqNo>170</SeqNo>
            <IsDisplayed>Y</IsDisplayed>
            <IsQueryCriteria>Y</IsQueryCriteria>
            <AD_Element_ID reference="id">203357</AD_Element_ID>
            <AD_Reference_ID reference="id">20</AD_Reference_ID>
            <AD_InfoColumn_UU>f3874c2f-3ae0-4d1a-ace1-4d939a5a0da6</AD_InfoColumn_UU>
            <AD_Reference_Value_ID reference="id"/>
            <AD_Val_Rule_ID reference="id"/>
            <IsCentrallyMaintained>Y</IsCentrallyMaintained>
            <DisplayLogic/>
            <ColumnName>PositiveBalance</ColumnName>
            <QueryOperator>=</QueryOperator>
            <QueryFunction/>
            <IsIdentifier>N</IsIdentifier>
            <SeqNoSelection>80</SeqNoSelection>
            <DefaultValue/>
            <IsMandatory>N</IsMandatory>
            <IsKey>N</IsKey>
            <IsReadOnly>Y</IsReadOnly>
            <Placeholder/>
            <InputFieldValidation/>
            <AD_FieldStyle_ID reference="id"/>
            <IsAutocomplete>N</IsAutocomplete>
            <IsQueryAfterChange>N</IsQueryAfterChange>
            <IsRange>N</IsRange>
            <DefaultValue2/>
            <Placeholder2/>
            <AD_InfoColumn_Trl type="translation">
                <Description>Include only positive balance</Description>
                <Help/>
                <Name>Only positive balance</Name>
                <Placeholder/>
                <Placeholder2/>
                <AD_Language>es_CO</AD_Language>
                <IsActive>Y</IsActive>
                <IsTranslated>N</IsTranslated>
            </AD_InfoColumn_Trl>
            <AD_InfoColumn_Trl type="translation">
                <Description>Include only positive balance</Description>
                <Help/>
                <Name>Only positive balance</Name>
                <Placeholder/>
                <Placeholder2/>
                <AD_Language>en_ZA</AD_Language>
                <IsActive>Y</IsActive>
                <IsTranslated>Y</IsTranslated>
            </AD_InfoColumn_Trl>
        </AD_InfoColumn>
        <AD_InfoColumn type="table">
            <AD_Client_ID>0</AD_Client_ID>
            <AD_Org_ID>0</AD_Org_ID>
            <IsActive>Y</IsActive>
            <Name>One Payment Per Invoice</Name>
            <Description/>
            <Help/>
            <AD_InfoWindow_ID reference="uuid" reference-key="AD_InfoWindow">1cadacc9-bc7b-41b1-bcb9-7eb639847ffa</AD_InfoWindow_ID>
            <EntityType>za.co.ntier.payment.selection.manual</EntityType>
            <SelectClause>0</SelectClause>
            <SeqNo>180</SeqNo>
            <IsDisplayed>N</IsDisplayed>
            <IsQueryCriteria>Y</IsQueryCriteria>
            <AD_Element_ID reference="id">203288</AD_Element_ID>
            <AD_Reference_ID reference="id">20</AD_Reference_ID>
            <AD_InfoColumn_UU>1f99d23f-f7be-4d7e-8104-0e3164df0077</AD_InfoColumn_UU>
            <AD_Reference_Value_ID reference="id"/>
            <AD_Val_Rule_ID reference="id"/>
            <IsCentrallyMaintained>Y</IsCentrallyMaintained>
            <DisplayLogic/>
            <ColumnName>IsOnePaymentPerInvoice</ColumnName>
            <QueryOperator>=</QueryOperator>
            <QueryFunction/>
            <IsIdentifier>N</IsIdentifier>
            <SeqNoSelection>100</SeqNoSelection>
            <DefaultValue/>
            <IsMandatory>N</IsMandatory>
            <IsKey>N</IsKey>
            <IsReadOnly>Y</IsReadOnly>
            <Placeholder/>
            <InputFieldValidation/>
            <AD_FieldStyle_ID reference="id"/>
            <IsAutocomplete>N</IsAutocomplete>
            <IsQueryAfterChange>N</IsQueryAfterChange>
            <IsRange>N</IsRange>
            <DefaultValue2/>
            <Placeholder2/>
            <AD_InfoColumn_Trl type="translation">
                <Description/>
                <Help/>
                <Name>One Payment Per Invoice</Name>
                <Placeholder/>
                <Placeholder2/>
                <AD_Language>es_CO</AD_Language>
                <IsActive>Y</IsActive>
                <IsTranslated>N</IsTranslated>
            </AD_InfoColumn_Trl>
            <AD_InfoColumn_Trl type="translation">
                <Description/>
                <Help/>
                <Name>One Payment Per Invoice</Name>
                <Placeholder/>
                <Placeholder2/>
                <AD_Language>en_ZA</AD_Language>
                <IsActive>Y</IsActive>
                <IsTranslated>Y</IsTranslated>
            </AD_InfoColumn_Trl>
        </AD_InfoColumn>
        <AD_InfoColumn type="table">
            <AD_Client_ID>0</AD_Client_ID>
            <AD_Org_ID>0</AD_Org_ID>
            <IsActive>Y</IsActive>
            <Name>Invoice Payment Schedule</Name>
            <Description>Invoice Payment Schedule</Description>
            <Help>The Invoice Payment Schedule determines when partial payments are due.</Help>
            <AD_InfoWindow_ID reference="uuid" reference-key="AD_InfoWindow">1cadacc9-bc7b-41b1-bcb9-7eb639847ffa</AD_InfoWindow_ID>
            <EntityType>za.co.ntier.payment.selection.manual</EntityType>
            <SelectClause>i.c_invoicepayschedule_id</SelectClause>
            <SeqNo>190</SeqNo>
            <IsDisplayed>N</IsDisplayed>
            <IsQueryCriteria>N</IsQueryCriteria>
            <AD_Element_ID reference="id">1995</AD_Element_ID>
            <AD_Reference_ID reference="id">13</AD_Reference_ID>
            <AD_InfoColumn_UU>4db20ce4-32a7-479a-83a2-d5a9ab70a412</AD_InfoColumn_UU>
            <AD_Reference_Value_ID reference="id"/>
            <AD_Val_Rule_ID reference="id"/>
            <IsCentrallyMaintained>Y</IsCentrallyMaintained>
            <DisplayLogic/>
            <ColumnName>C_InvoicePaySchedule_ID</ColumnName>
            <QueryOperator>=</QueryOperator>
            <QueryFunction/>
            <IsIdentifier>N</IsIdentifier>
            <SeqNoSelection>0</SeqNoSelection>
            <DefaultValue/>
            <IsMandatory>N</IsMandatory>
            <IsKey>N</IsKey>
            <IsReadOnly>Y</IsReadOnly>
            <Placeholder/>
            <InputFieldValidation/>
            <AD_FieldStyle_ID reference="id"/>
            <IsAutocomplete>N</IsAutocomplete>
            <IsQueryAfterChange>N</IsQueryAfterChange>
            <IsRange>N</IsRange>
            <DefaultValue2/>
            <Placeholder2/>
            <AD_InfoColumn_Trl type="translation">
                <Description>Agenda de pagos de facturas</Description>
                <Help>El programa de factura de pago se determina cuando los pagos parciales son debidos.</Help>
                <Name>Programa de Pagos de Facturas</Name>
                <Placeholder/>
                <Placeholder2/>
                <AD_Language>es_CO</AD_Language>
                <IsActive>Y</IsActive>
                <IsTranslated>Y</IsTranslated>
            </AD_InfoColumn_Trl>
            <AD_InfoColumn_Trl type="translation">
                <Description>Invoice Payment Schedule</Description>
                <Help>The Invoice Payment Schedule determines when partial payments are due.</Help>
                <Name>Invoice Payment Schedule</Name>
                <Placeholder/>
                <Placeholder2/>
                <AD_Language>en_ZA</AD_Language>
                <IsActive>Y</IsActive>
                <IsTranslated>Y</IsTranslated>
            </AD_InfoColumn_Trl>
        </AD_InfoColumn>
        <AD_Val_Rule type="table">
            <AD_Client_ID>0</AD_Client_ID>
            <AD_Org_ID>0</AD_Org_ID>
            <Name>Payment Selection - Bank Account Exists Bank Account Doc</Name>
            <Description/>
            <Type>S</Type>
            <Code>EXISTS (
	SELECT * 
	FROM C_BankAccountDoc d 
	WHERE d.C_BankAccount_ID=C_BankAccount.C_BankAccount_ID AND d.IsActive='Y' )</Code>
            <IsActive>Y</IsActive>
            <EntityType>za.co.ntier.payment.selection.manual</EntityType>
            <AD_Val_Rule_UU>1aee50e5-97f8-4a15-be30-a1392411aa71</AD_Val_Rule_UU>
        </AD_Val_Rule>
        <AD_InfoColumn type="table">
            <AD_Client_ID>0</AD_Client_ID>
            <AD_Org_ID>0</AD_Org_ID>
            <IsActive>Y</IsActive>
            <Name>Bank Account</Name>
            <Description>Account at the Bank</Description>
            <Help>The Bank Account identifies an account at this Bank.</Help>
            <AD_InfoWindow_ID reference="uuid" reference-key="AD_InfoWindow">1cadacc9-bc7b-41b1-bcb9-7eb639847ffa</AD_InfoWindow_ID>
            <EntityType>za.co.ntier.payment.selection.manual</EntityType>
            <SelectClause>0</SelectClause>
            <SeqNo>120</SeqNo>
            <IsDisplayed>N</IsDisplayed>
            <IsQueryCriteria>Y</IsQueryCriteria>
            <AD_Element_ID reference="id">836</AD_Element_ID>
            <AD_Reference_ID reference="id">19</AD_Reference_ID>
            <AD_InfoColumn_UU>a6426805-13b2-49ec-9ef3-48ce19270d18</AD_InfoColumn_UU>
            <AD_Reference_Value_ID reference="id"/>
            <AD_Val_Rule_ID reference="uuid" reference-key="AD_Val_Rule">1aee50e5-97f8-4a15-be30-a1392411aa71</AD_Val_Rule_ID>
            <IsCentrallyMaintained>Y</IsCentrallyMaintained>
            <DisplayLogic/>
            <ColumnName>C_BankAccount_ID</ColumnName>
            <QueryOperator>=</QueryOperator>
            <QueryFunction/>
            <IsIdentifier>N</IsIdentifier>
            <SeqNoSelection>10</SeqNoSelection>
            <DefaultValue/>
            <IsMandatory>Y</IsMandatory>
            <IsKey>N</IsKey>
            <IsReadOnly>Y</IsReadOnly>
            <Placeholder/>
            <InputFieldValidation/>
            <AD_FieldStyle_ID reference="id"/>
            <IsAutocomplete>N</IsAutocomplete>
            <IsQueryAfterChange>N</IsQueryAfterChange>
            <IsRange>N</IsRange>
            <DefaultValue2/>
            <Placeholder2/>
            <AD_InfoColumn_Trl type="translation">
                <Description>Cuenta Banco/Caja</Description>
                <Help>La cuenta banco/caja identifica una cuenta de manejo de fondos</Help>
                <Name>Cuenta Banco/Caja</Name>
                <Placeholder/>
                <Placeholder2/>
                <AD_Language>es_CO</AD_Language>
                <IsActive>Y</IsActive>
                <IsTranslated>Y</IsTranslated>
            </AD_InfoColumn_Trl>
            <AD_InfoColumn_Trl type="translation">
                <Description>Account at the Bank</Description>
                <Help>The Bank Account identifies an account at this Bank.</Help>
                <Name>Bank Account</Name>
                <Placeholder/>
                <Placeholder2/>
                <AD_Language>en_ZA</AD_Language>
                <IsActive>Y</IsActive>
                <IsTranslated>Y</IsTranslated>
            </AD_InfoColumn_Trl>
        </AD_InfoColumn>
        <AD_InfoColumn type="table">
            <AD_Client_ID>0</AD_Client_ID>
            <AD_Org_ID>0</AD_Org_ID>
            <IsActive>Y</IsActive>
            <Name>Reference</Name>
            <Description>Reference for this record</Description>
            <Help>The Reference displays the source document number.</Help>
            <AD_InfoWindow_ID reference="uuid" reference-key="AD_InfoWindow">1cadacc9-bc7b-41b1-bcb9-7eb639847ffa</AD_InfoWindow_ID>
            <EntityType>za.co.ntier.payment.selection.manual</EntityType>
            <SelectClause>0</SelectClause>
            <SeqNo>210</SeqNo>
            <IsDisplayed>N</IsDisplayed>
            <IsQueryCriteria>Y</IsQueryCriteria>
            <AD_Element_ID reference="id">539</AD_Element_ID>
            <AD_Reference_ID reference="id">10</AD_Reference_ID>
            <AD_InfoColumn_UU>e72b0efc-872b-41a8-b3fb-548517e55540</AD_InfoColumn_UU>
            <AD_Reference_Value_ID reference="id"/>
            <AD_Val_Rule_ID reference="id"/>
            <IsCentrallyMaintained>Y</IsCentrallyMaintained>
            <DisplayLogic/>
            <ColumnName>Reference</ColumnName>
            <QueryOperator>Like</QueryOperator>
            <QueryFunction>Upper</QueryFunction>
            <IsIdentifier>N</IsIdentifier>
            <SeqNoSelection>120</SeqNoSelection>
            <DefaultValue/>
            <IsMandatory>N</IsMandatory>
            <IsKey>N</IsKey>
            <IsReadOnly>Y</IsReadOnly>
            <Placeholder/>
            <InputFieldValidation/>
            <AD_FieldStyle_ID reference="id"/>
            <IsAutocomplete>N</IsAutocomplete>
            <IsQueryAfterChange>N</IsQueryAfterChange>
            <IsRange>N</IsRange>
            <DefaultValue2/>
            <Placeholder2/>
            <AD_InfoColumn_Trl type="translation">
                <Description>Reference for this record</Description>
                <Help>The Reference displays the source document number.</Help>
                <Name>Reference</Name>
                <Placeholder/>
                <Placeholder2/>
                <AD_Language>es_CO</AD_Language>
                <IsActive>Y</IsActive>
                <IsTranslated>N</IsTranslated>
            </AD_InfoColumn_Trl>
            <AD_InfoColumn_Trl type="translation">
                <Description>Reference for this record</Description>
                <Help>The Reference displays the source document number.</Help>
                <Name>Reference</Name>
                <Placeholder/>
                <Placeholder2/>
                <AD_Language>en_ZA</AD_Language>
                <IsActive>Y</IsActive>
                <IsTranslated>Y</IsTranslated>
            </AD_InfoColumn_Trl>
        </AD_InfoColumn>
        <AD_InfoColumn type="table">
            <AD_Client_ID>0</AD_Client_ID>
            <AD_Org_ID>0</AD_Org_ID>
            <IsActive>Y</IsActive>
            <Name>Name</Name>
            <Description>Alphanumeric identifier of the entity</Description>
            <Help>The name of an entity (record) is used as an default search option in addition to the search key. The name is up to 60 characters in length.</Help>
            <AD_InfoWindow_ID reference="uuid" reference-key="AD_InfoWindow">1cadacc9-bc7b-41b1-bcb9-7eb639847ffa</AD_InfoWindow_ID>
            <EntityType>za.co.ntier.payment.selection.manual</EntityType>
            <SelectClause>0</SelectClause>
            <SeqNo>200</SeqNo>
            <IsDisplayed>N</IsDisplayed>
            <IsQueryCriteria>Y</IsQueryCriteria>
            <AD_Element_ID reference="id">469</AD_Element_ID>
            <AD_Reference_ID reference="id">10</AD_Reference_ID>
            <AD_InfoColumn_UU>d6a40f4c-679b-4022-bae4-1c94fb0790af</AD_InfoColumn_UU>
            <AD_Reference_Value_ID reference="id"/>
            <AD_Val_Rule_ID reference="id"/>
            <IsCentrallyMaintained>Y</IsCentrallyMaintained>
            <DisplayLogic/>
            <ColumnName>Name</ColumnName>
            <QueryOperator>Like</QueryOperator>
            <QueryFunction>Upper</QueryFunction>
            <IsIdentifier>N</IsIdentifier>
            <SeqNoSelection>110</SeqNoSelection>
            <DefaultValue/>
            <IsMandatory>N</IsMandatory>
            <IsKey>N</IsKey>
            <IsReadOnly>Y</IsReadOnly>
            <Placeholder/>
            <InputFieldValidation/>
            <AD_FieldStyle_ID reference="id"/>
            <IsAutocomplete>N</IsAutocomplete>
            <IsQueryAfterChange>N</IsQueryAfterChange>
            <IsRange>N</IsRange>
            <DefaultValue2/>
            <Placeholder2/>
            <AD_InfoColumn_Trl type="translation">
                <Description>Alphanumeric identifier of the entity</Description>
                <Help>The name of an entity (record) is used as an default search option in addition to the search key. The name is up to 60 characters in length.</Help>
                <Name>Name</Name>
                <Placeholder/>
                <Placeholder2/>
                <AD_Language>es_CO</AD_Language>
                <IsActive>Y</IsActive>
                <IsTranslated>N</IsTranslated>
            </AD_InfoColumn_Trl>
            <AD_InfoColumn_Trl type="translation">
                <Description>Alphanumeric identifier of the entity</Description>
                <Help>The name of an entity (record) is used as an default search option in addition to the search key. The name is up to 60 characters in length.</Help>
                <Name>Name</Name>
                <Placeholder/>
                <Placeholder2/>
                <AD_Language>en_ZA</AD_Language>
                <IsActive>Y</IsActive>
                <IsTranslated>Y</IsTranslated>
            </AD_InfoColumn_Trl>
        </AD_InfoColumn>
        <AD_InfoColumn type="table">
            <AD_Client_ID>0</AD_Client_ID>
            <AD_Org_ID>0</AD_Org_ID>
            <IsActive>Y</IsActive>
            <Name>Due Date</Name>
            <Description>Date when the payment is due</Description>
            <Help>Date when the payment is due without deductions or discount</Help>
            <AD_InfoWindow_ID reference="uuid" reference-key="AD_InfoWindow">1cadacc9-bc7b-41b1-bcb9-7eb639847ffa</AD_InfoWindow_ID>
            <EntityType>za.co.ntier.payment.selection.manual</EntityType>
            <SelectClause>i.DueDate</SelectClause>
            <SeqNo>20</SeqNo>
            <IsDisplayed>Y</IsDisplayed>
            <IsQueryCriteria>N</IsQueryCriteria>
            <AD_Element_ID reference="id">2000</AD_Element_ID>
            <AD_Reference_ID reference="id">16</AD_Reference_ID>
            <AD_InfoColumn_UU>bb289d43-a72b-4408-b6ff-94432b0ecb8c</AD_InfoColumn_UU>
            <AD_Reference_Value_ID reference="id"/>
            <AD_Val_Rule_ID reference="id"/>
            <IsCentrallyMaintained>Y</IsCentrallyMaintained>
            <DisplayLogic/>
            <ColumnName>DueDate</ColumnName>
            <QueryOperator>=</QueryOperator>
            <QueryFunction/>
            <IsIdentifier>N</IsIdentifier>
            <SeqNoSelection>0</SeqNoSelection>
            <DefaultValue/>
            <IsMandatory>N</IsMandatory>
            <IsKey>N</IsKey>
            <IsReadOnly>Y</IsReadOnly>
            <Placeholder/>
            <InputFieldValidation/>
            <AD_FieldStyle_ID reference="id"/>
            <IsAutocomplete>N</IsAutocomplete>
            <IsQueryAfterChange>N</IsQueryAfterChange>
            <IsRange>N</IsRange>
            <DefaultValue2/>
            <Placeholder2/>
            <AD_InfoColumn_Trl type="translation">
                <Description>Fecha cuando el pago es vencido.</Description>
                <Help>Fecha cuando el pago es vencido sin deducciones o descuento</Help>
                <Name>Fecha Vencimiento</Name>
                <Placeholder/>
                <Placeholder2/>
                <AD_Language>es_CO</AD_Language>
                <IsActive>Y</IsActive>
                <IsTranslated>Y</IsTranslated>
            </AD_InfoColumn_Trl>
            <AD_InfoColumn_Trl type="translation">
                <Description>Date when the payment is due</Description>
                <Help>Date when the payment is due without deductions or discount</Help>
                <Name>Due Date</Name>
                <Placeholder/>
                <Placeholder2/>
                <AD_Language>en_ZA</AD_Language>
                <IsActive>Y</IsActive>
                <IsTranslated>Y</IsTranslated>
            </AD_InfoColumn_Trl>
        </AD_InfoColumn>
        <AD_InfoColumn type="table">
            <AD_Client_ID>0</AD_Client_ID>
            <AD_Org_ID>0</AD_Org_ID>
            <IsActive>Y</IsActive>
            <Name>Document No</Name>
            <Description>Document sequence number of the document</Description>
            <Help>The document number is usually automatically generated by the system and determined by the document type of the document. If the document is not saved, the preliminary number is displayed in "&lt;&gt;".

If the document type of your document has no automatic document sequence defined, the field is empty if you create a new document. This is for documents which usually have an external number (like vendor invoice).  If you leave the field empty, the system will generate a document number for you. The document sequence used for this fallback number is defined in the "Maintain Sequence" window with the name "DocumentNo_&lt;TableName&gt;", where TableName is the actual name of the table (e.g. C_Order).</Help>
            <AD_InfoWindow_ID reference="uuid" reference-key="AD_InfoWindow">1cadacc9-bc7b-41b1-bcb9-7eb639847ffa</AD_InfoWindow_ID>
            <EntityType>za.co.ntier.payment.selection.manual</EntityType>
            <SelectClause>i.DocumentNo</SelectClause>
            <SeqNo>40</SeqNo>
            <IsDisplayed>Y</IsDisplayed>
            <IsQueryCriteria>N</IsQueryCriteria>
            <AD_Element_ID reference="id">290</AD_Element_ID>
            <AD_Reference_ID reference="id">10</AD_Reference_ID>
            <AD_InfoColumn_UU>c8f9f3b5-a1c1-46b7-8e24-39e77f93fd26</AD_InfoColumn_UU>
            <AD_Reference_Value_ID reference="id"/>
            <AD_Val_Rule_ID reference="id"/>
            <IsCentrallyMaintained>Y</IsCentrallyMaintained>
            <DisplayLogic/>
            <ColumnName>DocumentNo</ColumnName>
            <QueryOperator>Like</QueryOperator>
            <QueryFunction>Upper</QueryFunction>
            <IsIdentifier>N</IsIdentifier>
            <SeqNoSelection>0</SeqNoSelection>
            <DefaultValue/>
            <IsMandatory>N</IsMandatory>
            <IsKey>N</IsKey>
            <IsReadOnly>Y</IsReadOnly>
            <Placeholder/>
            <InputFieldValidation/>
            <AD_FieldStyle_ID reference="id"/>
            <IsAutocomplete>N</IsAutocomplete>
            <IsQueryAfterChange>N</IsQueryAfterChange>
            <IsRange>N</IsRange>
            <DefaultValue2/>
            <Placeholder2/>
            <AD_InfoColumn_Trl type="translation">
                <Description>Número de secuencia del documento para cada documento</Description>
                <Help>El número del documento es usualmente generado en automático por el sistema y determinado por el tipo del documento. Si el documento no se salva; el número preliminar se despliega entre El número del documento es usualmente generado en automático por el sistema y determinado por el tipo del documento. Si el documento no se salva; el número preliminar se despliega entre "&lt;&gt;".

 Si el tipo de documento de su documento no tiene secuencia automatica definida, el campo está vacío si usted crea un nuevo doc. Esto es para documentos los cuales usualmente tiene un número externo (Como factura de proveedor). Si usted deja este campo vacío, el sistema generará un número de doc para usted.</Help>
                <Name>No. del Documento</Name>
                <Placeholder/>
                <Placeholder2/>
                <AD_Language>es_CO</AD_Language>
                <IsActive>Y</IsActive>
                <IsTranslated>Y</IsTranslated>
            </AD_InfoColumn_Trl>
            <AD_InfoColumn_Trl type="translation">
                <Description>Document sequence number of the document</Description>
                <Help>The document number is usually automatically generated by the system and determined by the document type of the document. If the document is not saved, the preliminary number is displayed in "&lt;&gt;".

If the document type of your document has no automatic document sequence defined, the field is empty if you create a new document. This is for documents which usually have an external number (like vendor invoice).  If you leave the field empty, the system will generate a document number for you. The document sequence used for this fallback number is defined in the "Maintain Sequence" window with the name "DocumentNo_&lt;TableName&gt;", where TableName is the actual name of the table (e.g. C_Order).</Help>
                <Name>Document No</Name>
                <Placeholder/>
                <Placeholder2/>
                <AD_Language>en_ZA</AD_Language>
                <IsActive>Y</IsActive>
                <IsTranslated>Y</IsTranslated>
            </AD_InfoColumn_Trl>
        </AD_InfoColumn>
        <AD_InfoColumn type="table">
            <AD_Client_ID>0</AD_Client_ID>
            <AD_Org_ID>0</AD_Org_ID>
            <IsActive>Y</IsActive>
            <Name>Write-off Amount</Name>
            <Description>Amount to write-off</Description>
            <Help>The Write Off Amount indicates the amount to be written off as uncollectible.</Help>
            <AD_InfoWindow_ID reference="uuid" reference-key="AD_InfoWindow">1cadacc9-bc7b-41b1-bcb9-7eb639847ffa</AD_InfoWindow_ID>
            <EntityType>za.co.ntier.payment.selection.manual</EntityType>
            <SelectClause>currencyConvert(invoiceWriteOff(i.C_Invoice_ID),i.C_Currency_ID, @C_Currency_ID:0@,TO_TIMESTAMP(NULLIF('@PayDate:null@', 'null'), '@#TimeStampFormat@'),i.C_ConversionType_ID, i.AD_Client_ID,i.AD_Org_ID)</SelectClause>
            <SeqNo>80</SeqNo>
            <IsDisplayed>Y</IsDisplayed>
            <IsQueryCriteria>N</IsQueryCriteria>
            <AD_Element_ID reference="id">1450</AD_Element_ID>
            <AD_Reference_ID reference="id">12</AD_Reference_ID>
            <AD_InfoColumn_UU>22de6300-fb00-4f01-92df-26e5bb1c2164</AD_InfoColumn_UU>
            <AD_Reference_Value_ID reference="id"/>
            <AD_Val_Rule_ID reference="id"/>
            <IsCentrallyMaintained>Y</IsCentrallyMaintained>
            <DisplayLogic/>
            <ColumnName>WriteOffAmt</ColumnName>
            <QueryOperator>=</QueryOperator>
            <QueryFunction/>
            <IsIdentifier>N</IsIdentifier>
            <SeqNoSelection>0</SeqNoSelection>
            <DefaultValue/>
            <IsMandatory>N</IsMandatory>
            <IsKey>N</IsKey>
            <IsReadOnly>Y</IsReadOnly>
            <Placeholder/>
            <InputFieldValidation/>
            <AD_FieldStyle_ID reference="id"/>
            <IsAutocomplete>N</IsAutocomplete>
            <IsQueryAfterChange>N</IsQueryAfterChange>
            <IsRange>N</IsRange>
            <DefaultValue2/>
            <Placeholder2/>
            <AD_InfoColumn_Trl type="translation">
                <Description>Total por ajustar</Description>
                <Help>El Total de ajuste indica el total a ser ajustado como incobrable</Help>
                <Name>Total del Ajuste</Name>
                <Placeholder/>
                <Placeholder2/>
                <AD_Language>es_CO</AD_Language>
                <IsActive>Y</IsActive>
                <IsTranslated>Y</IsTranslated>
            </AD_InfoColumn_Trl>
            <AD_InfoColumn_Trl type="translation">
                <Description>Amount to write-off</Description>
                <Help>The Write Off Amount indicates the amount to be written off as uncollectible.</Help>
                <Name>Write-off Amount</Name>
                <Placeholder/>
                <Placeholder2/>
                <AD_Language>en_ZA</AD_Language>
                <IsActive>Y</IsActive>
                <IsTranslated>Y</IsTranslated>
            </AD_InfoColumn_Trl>
        </AD_InfoColumn>
        <AD_InfoColumn type="table">
            <AD_Client_ID>0</AD_Client_ID>
            <AD_Org_ID>0</AD_Org_ID>
            <IsActive>Y</IsActive>
            <Name>Discount Amount</Name>
            <Description>Calculated amount of discount</Description>
            <Help>The Discount Amount indicates the discount amount for a document or line.</Help>
            <AD_InfoWindow_ID reference="uuid" reference-key="AD_InfoWindow">1cadacc9-bc7b-41b1-bcb9-7eb639847ffa</AD_InfoWindow_ID>
            <EntityType>za.co.ntier.payment.selection.manual</EntityType>
            <SelectClause>currencyConvert(invoiceDiscount(i.C_Invoice_ID,TO_TIMESTAMP(NULLIF('@PayDate:null@', 'null'), '@#TimeStampFormat@'),i.C_InvoicePaySchedule_ID),i.C_Currency_ID, @C_Currency_ID:0@,TO_TIMESTAMP(NULLIF('@PayDate:null@', 'null'), '@#TimeStampFormat@'),i.C_ConversionType_ID, i.AD_Client_ID,i.AD_Org_ID)</SelectClause>
            <SeqNo>70</SeqNo>
            <IsDisplayed>Y</IsDisplayed>
            <IsQueryCriteria>N</IsQueryCriteria>
            <AD_Element_ID reference="id">1395</AD_Element_ID>
            <AD_Reference_ID reference="id">12</AD_Reference_ID>
            <AD_InfoColumn_UU>3e0f78a3-6392-4db9-bc16-66b94a20dbff</AD_InfoColumn_UU>
            <AD_Reference_Value_ID reference="id"/>
            <AD_Val_Rule_ID reference="id"/>
            <IsCentrallyMaintained>Y</IsCentrallyMaintained>
            <DisplayLogic/>
            <ColumnName>DiscountAmt</ColumnName>
            <QueryOperator>=</QueryOperator>
            <QueryFunction/>
            <IsIdentifier>N</IsIdentifier>
            <SeqNoSelection>0</SeqNoSelection>
            <DefaultValue/>
            <IsMandatory>N</IsMandatory>
            <IsKey>N</IsKey>
            <IsReadOnly>Y</IsReadOnly>
            <Placeholder/>
            <InputFieldValidation/>
            <AD_FieldStyle_ID reference="id"/>
            <IsAutocomplete>N</IsAutocomplete>
            <IsQueryAfterChange>N</IsQueryAfterChange>
            <IsRange>N</IsRange>
            <DefaultValue2/>
            <Placeholder2/>
            <AD_InfoColumn_Trl type="translation">
                <Description>Total descuento calculado</Description>
                <Help>El Total descuento indica el total de descuento para un documento o línea</Help>
                <Name>Total Descuento</Name>
                <Placeholder/>
                <Placeholder2/>
                <AD_Language>es_CO</AD_Language>
                <IsActive>Y</IsActive>
                <IsTranslated>Y</IsTranslated>
            </AD_InfoColumn_Trl>
            <AD_InfoColumn_Trl type="translation">
                <Description>Calculated amount of discount</Description>
                <Help>The Discount Amount indicates the discount amount for a document or line.</Help>
                <Name>Discount Amount</Name>
                <Placeholder/>
                <Placeholder2/>
                <AD_Language>en_ZA</AD_Language>
                <IsActive>Y</IsActive>
                <IsTranslated>Y</IsTranslated>
            </AD_InfoColumn_Trl>
        </AD_InfoColumn>
        <AD_InfoColumn type="table">
            <AD_Client_ID>0</AD_Client_ID>
            <AD_Org_ID>0</AD_Org_ID>
            <IsActive>Y</IsActive>
            <Name>Amount due</Name>
            <Description>Amount of the payment due</Description>
            <Help>Full amount of the payment due</Help>
            <AD_InfoWindow_ID reference="uuid" reference-key="AD_InfoWindow">1cadacc9-bc7b-41b1-bcb9-7eb639847ffa</AD_InfoWindow_ID>
            <EntityType>za.co.ntier.payment.selection.manual</EntityType>
            <SelectClause>currencyConvertInvoice(i.C_Invoice_ID,@C_Currency_ID:0@,invoiceOpen(i.C_Invoice_ID,i.C_InvoicePaySchedule_ID),TO_TIMESTAMP(NULLIF('@PayDate:null@', 'null'), '@#TimeStampFormat@')) AS AmountDue</SelectClause>
            <SeqNo>100</SeqNo>
            <IsDisplayed>Y</IsDisplayed>
            <IsQueryCriteria>N</IsQueryCriteria>
            <AD_Element_ID reference="id">1999</AD_Element_ID>
            <AD_Reference_ID reference="id">12</AD_Reference_ID>
            <AD_InfoColumn_UU>edb74a47-952d-4922-9ef0-7947a351252a</AD_InfoColumn_UU>
            <AD_Reference_Value_ID reference="id"/>
            <AD_Val_Rule_ID reference="id"/>
            <IsCentrallyMaintained>Y</IsCentrallyMaintained>
            <DisplayLogic/>
            <ColumnName>DueAmt</ColumnName>
            <QueryOperator>=</QueryOperator>
            <QueryFunction/>
            <IsIdentifier>N</IsIdentifier>
            <SeqNoSelection>0</SeqNoSelection>
            <DefaultValue/>
            <IsMandatory>N</IsMandatory>
            <IsKey>N</IsKey>
            <IsReadOnly>Y</IsReadOnly>
            <Placeholder/>
            <InputFieldValidation/>
            <AD_FieldStyle_ID reference="id"/>
            <IsAutocomplete>N</IsAutocomplete>
            <IsQueryAfterChange>N</IsQueryAfterChange>
            <IsRange>N</IsRange>
            <DefaultValue2/>
            <Placeholder2/>
            <AD_InfoColumn_Trl type="translation">
                <Description>Amount of the payment due</Description>
                <Help>Full amount of the payment due</Help>
                <Name>Amount due</Name>
                <Placeholder/>
                <Placeholder2/>
                <AD_Language>en_ZA</AD_Language>
                <IsActive>Y</IsActive>
                <IsTranslated>Y</IsTranslated>
            </AD_InfoColumn_Trl>
            <AD_InfoColumn_Trl type="translation">
                <Description>Total de pagos debidos</Description>
                <Help>Cantidad completa del pago debido</Help>
                <Name>Total Debido</Name>
                <Placeholder/>
                <Placeholder2/>
                <AD_Language>es_CO</AD_Language>
                <IsActive>Y</IsActive>
                <IsTranslated>Y</IsTranslated>
            </AD_InfoColumn_Trl>
        </AD_InfoColumn>
        <AD_InfoColumn type="table">
            <AD_Client_ID>0</AD_Client_ID>
            <AD_Org_ID>0</AD_Org_ID>
            <IsActive>Y</IsActive>
            <Name>Payment amount</Name>
            <Description>Amount being paid</Description>
            <Help>Indicates the amount this payment is for.  The payment amount can be for single or multiple invoices or a partial payment for an invoice.</Help>
            <AD_InfoWindow_ID reference="uuid" reference-key="AD_InfoWindow">1cadacc9-bc7b-41b1-bcb9-7eb639847ffa</AD_InfoWindow_ID>
            <EntityType>za.co.ntier.payment.selection.manual</EntityType>
            <SelectClause>currencyConvertInvoice(i.C_Invoice_ID,@C_Currency_ID:0@,invoiceOpen(i.C_Invoice_ID,i.C_InvoicePaySchedule_ID)-invoiceDiscount(i.C_Invoice_ID,TO_TIMESTAMP(NULLIF('@PayDate:null@', 'null'), '@#TimeStampFormat@'),i.C_InvoicePaySchedule_ID),TO_TIMESTAMP(NULLIF('@PayDate:null@', 'null'), '@#TimeStampFormat@')) AS AmountPay</SelectClause>
            <SeqNo>110</SeqNo>
            <IsDisplayed>Y</IsDisplayed>
            <IsQueryCriteria>N</IsQueryCriteria>
            <AD_Element_ID reference="id">1477</AD_Element_ID>
            <AD_Reference_ID reference="id">12</AD_Reference_ID>
            <AD_InfoColumn_UU>1098a6c6-16d7-48bc-ae17-ff87359fc250</AD_InfoColumn_UU>
            <AD_Reference_Value_ID reference="id"/>
            <AD_Val_Rule_ID reference="id"/>
            <IsCentrallyMaintained>Y</IsCentrallyMaintained>
            <DisplayLogic/>
            <ColumnName>PayAmt</ColumnName>
            <QueryOperator>=</QueryOperator>
            <QueryFunction/>
            <IsIdentifier>N</IsIdentifier>
            <SeqNoSelection>0</SeqNoSelection>
            <DefaultValue/>
            <IsMandatory>N</IsMandatory>
            <IsKey>N</IsKey>
            <IsReadOnly>Y</IsReadOnly>
            <Placeholder/>
            <InputFieldValidation/>
            <AD_FieldStyle_ID reference="id"/>
            <IsAutocomplete>N</IsAutocomplete>
            <IsQueryAfterChange>N</IsQueryAfterChange>
            <IsRange>N</IsRange>
            <DefaultValue2/>
            <Placeholder2/>
            <AD_InfoColumn_Trl type="translation">
                <Description>Total siendo pagado</Description>
                <Help>Indica el total a pagar. El total del pago puede ser para una factura simple, múltiple o un pago parcial de una factura.</Help>
                <Name>Total del Pago</Name>
                <Placeholder/>
                <Placeholder2/>
                <AD_Language>es_CO</AD_Language>
                <IsActive>Y</IsActive>
                <IsTranslated>Y</IsTranslated>
            </AD_InfoColumn_Trl>
            <AD_InfoColumn_Trl type="translation">
                <Description>Amount being paid</Description>
                <Help>Indicates the amount this payment is for.  The payment amount can be for single or multiple invoices or a partial payment for an invoice.</Help>
                <Name>Payment amount</Name>
                <Placeholder/>
                <Placeholder2/>
                <AD_Language>en_ZA</AD_Language>
                <IsActive>Y</IsActive>
                <IsTranslated>Y</IsTranslated>
            </AD_InfoColumn_Trl>
        </AD_InfoColumn>
        <AD_InfoColumn type="table">
            <AD_Client_ID>0</AD_Client_ID>
            <AD_Org_ID>0</AD_Org_ID>
            <IsActive>Y</IsActive>
            <Name>Payment date</Name>
            <Description>Date Payment made</Description>
            <Help>The Payment Date indicates the date the payment was made.</Help>
            <AD_InfoWindow_ID reference="uuid" reference-key="AD_InfoWindow">1cadacc9-bc7b-41b1-bcb9-7eb639847ffa</AD_InfoWindow_ID>
            <EntityType>za.co.ntier.payment.selection.manual</EntityType>
            <SelectClause>0</SelectClause>
            <SeqNo>130</SeqNo>
            <IsDisplayed>N</IsDisplayed>
            <IsQueryCriteria>Y</IsQueryCriteria>
            <AD_Element_ID reference="id">1538</AD_Element_ID>
            <AD_Reference_ID reference="id">15</AD_Reference_ID>
            <AD_InfoColumn_UU>df33d83f-013d-4e9d-a13a-ccbf499e1ce0</AD_InfoColumn_UU>
            <AD_Reference_Value_ID reference="id"/>
            <AD_Val_Rule_ID reference="id"/>
            <IsCentrallyMaintained>Y</IsCentrallyMaintained>
            <DisplayLogic/>
            <ColumnName>PayDate</ColumnName>
            <QueryOperator>=</QueryOperator>
            <QueryFunction>Trunc</QueryFunction>
            <IsIdentifier>N</IsIdentifier>
            <SeqNoSelection>20</SeqNoSelection>
            <DefaultValue/>
            <IsMandatory>Y</IsMandatory>
            <IsKey>N</IsKey>
            <IsReadOnly>Y</IsReadOnly>
            <Placeholder/>
            <InputFieldValidation/>
            <AD_FieldStyle_ID reference="id"/>
            <IsAutocomplete>N</IsAutocomplete>
            <IsQueryAfterChange>N</IsQueryAfterChange>
            <IsRange>N</IsRange>
            <DefaultValue2/>
            <Placeholder2/>
            <AD_InfoColumn_Trl type="translation">
                <Description>Fecha cuando se hizo el pago.</Description>
                <Help>La fecha de pago indica la fecha en que el pago fue hecho.</Help>
                <Name>Fecha Pago</Name>
                <Placeholder/>
                <Placeholder2/>
                <AD_Language>es_CO</AD_Language>
                <IsActive>Y</IsActive>
                <IsTranslated>Y</IsTranslated>
            </AD_InfoColumn_Trl>
            <AD_InfoColumn_Trl type="translation">
                <Description>Date Payment made</Description>
                <Help>The Payment Date indicates the date the payment was made.</Help>
                <Name>Payment date</Name>
                <Placeholder/>
                <Placeholder2/>
                <AD_Language>en_ZA</AD_Language>
                <IsActive>Y</IsActive>
                <IsTranslated>Y</IsTranslated>
            </AD_InfoColumn_Trl>
        </AD_InfoColumn>
        <AD_Process type="table">
            <AD_Client_ID>0</AD_Client_ID>
            <AD_Org_ID>0</AD_Org_ID>
            <IsActive>Y</IsActive>
            <Name>Payment Selection Manual Process</Name>
            <Description/>
            <Help/>
            <ProcedureName/>
            <IsReport>N</IsReport>
            <Value>PaymentSelectionManualProcess</Value>
            <IsDirectPrint>N</IsDirectPrint>
            <AD_ReportView_ID reference="id"/>
            <Classname>za.co.ntier.payment.process.PaymentSelectionManualProcess</Classname>
            <AccessLevel>3</AccessLevel>
            <EntityType>za.co.ntier.payment.selection.manual</EntityType>
            <Statistic_Count>42</Statistic_Count>
            <Statistic_Seconds>2035</Statistic_Seconds>
            <AD_PrintFormat_ID reference="id"/>
            <WorkflowValue/>
            <AD_Workflow_ID reference="id"/>
            <IsBetaFunctionality>N</IsBetaFunctionality>
            <ShowHelp>Y</ShowHelp>
            <JasperReport/>
            <AD_Form_ID reference="id"/>
            <CopyFromProcess>N</CopyFromProcess>
            <AD_Process_UU>2264c442-21aa-43de-a01c-f133e0382cf6</AD_Process_UU>
            <AD_CtxHelp_ID reference="id"/>
            <ExecutionType/>
            <AllowMultipleExecution>P</AllowMultipleExecution>
            <FileNamePattern/>
            <AD_Process_Trl type="translation">
                <Description/>
                <Help/>
                <Name>PaymentSelectionManualProcess</Name>
                <AD_Language>es_CO</AD_Language>
                <IsActive>Y</IsActive>
                <IsTranslated>N</IsTranslated>
            </AD_Process_Trl>
            <AD_Process_Trl type="translation">
                <Description/>
                <Help/>
                <Name>Payment Selection Manual Process</Name>
                <AD_Language>en_ZA</AD_Language>
                <IsActive>Y</IsActive>
                <IsTranslated>Y</IsTranslated>
            </AD_Process_Trl>
            <AD_Process_Para type="table">
                <AD_Client_ID>0</AD_Client_ID>
                <AD_Org_ID>0</AD_Org_ID>
                <IsActive>Y</IsActive>
                <Name>Bank Account</Name>
                <Description/>
                <Help/>
                <AD_Process_ID reference="uuid" reference-key="AD_Process">2264c442-21aa-43de-a01c-f133e0382cf6</AD_Process_ID>
                <SeqNo>10</SeqNo>
                <AD_Reference_ID reference="id">19</AD_Reference_ID>
                <AD_Reference_Value_ID reference="id"/>
                <IsRange>N</IsRange>
                <AD_Val_Rule_ID reference="id"/>
                <FieldLength>0</FieldLength>
                <IsMandatory>N</IsMandatory>
                <DefaultValue>@C_BankAccount_ID@</DefaultValue>
                <VFormat/>
                <ValueMin/>
                <ValueMax/>
                <ColumnName>C_BankAccount_ID</ColumnName>
                <DefaultValue2/>
                <IsCentrallyMaintained>N</IsCentrallyMaintained>
                <EntityType>za.co.ntier.payment.selection.manual</EntityType>
                <AD_Element_ID reference="id"/>
                <ReadOnlyLogic>@_IWInfoIDs_Selected@!''</ReadOnlyLogic>
                <DisplayLogic/>
                <AD_Process_Para_UU>36c37ebb-4838-4a55-8678-26f175c909b0</AD_Process_Para_UU>
                <IsEncrypted>N</IsEncrypted>
                <MandatoryLogic/>
                <Query/>
                <AD_FieldGroup_ID reference="id"/>
                <Placeholder/>
                <Placeholder2/>
                <IsAutocomplete>N</IsAutocomplete>
                <DateRangeOption>D</DateRangeOption>
                <IsShowNegateButton>N</IsShowNegateButton>
                <AD_Process_Para_Trl type="translation">
                    <Description/>
                    <Help/>
                    <Name>Bank Account</Name>
                    <Placeholder/>
                    <Placeholder2/>
                    <AD_Language>en_ZA</AD_Language>
                    <IsActive>Y</IsActive>
                    <IsTranslated>Y</IsTranslated>
                </AD_Process_Para_Trl>
                <AD_Process_Para_Trl type="translation">
                    <Description/>
                    <Help/>
                    <Name>C_BankAccount</Name>
                    <Placeholder/>
                    <Placeholder2/>
                    <AD_Language>es_CO</AD_Language>
                    <IsActive>Y</IsActive>
                    <IsTranslated>N</IsTranslated>
                </AD_Process_Para_Trl>
            </AD_Process_Para>
            <AD_Process_Para type="table">
                <AD_Client_ID>0</AD_Client_ID>
                <AD_Org_ID>0</AD_Org_ID>
                <IsActive>Y</IsActive>
                <Name>Open Print Payment</Name>
                <Description/>
                <Help/>
                <AD_Process_ID reference="uuid" reference-key="AD_Process">2264c442-21aa-43de-a01c-f133e0382cf6</AD_Process_ID>
                <SeqNo>100</SeqNo>
                <AD_Reference_ID reference="id">20</AD_Reference_ID>
                <AD_Reference_Value_ID reference="id"/>
                <IsRange>N</IsRange>
                <AD_Val_Rule_ID reference="id"/>
                <FieldLength>0</FieldLength>
                <IsMandatory>N</IsMandatory>
                <DefaultValue>N</DefaultValue>
                <VFormat/>
                <ValueMin/>
                <ValueMax/>
                <ColumnName>isOpenPrintPayment</ColumnName>
                <DefaultValue2/>
                <IsCentrallyMaintained>N</IsCentrallyMaintained>
                <EntityType>za.co.ntier.payment.selection.manual</EntityType>
                <AD_Element_ID reference="id"/>
                <ReadOnlyLogic>@isGeneratePayment@=N</ReadOnlyLogic>
                <DisplayLogic>@isGeneratePayment@=Y</DisplayLogic>
                <AD_Process_Para_UU>193bece3-1516-449e-93a6-00fa61e7a720</AD_Process_Para_UU>
                <IsEncrypted>N</IsEncrypted>
                <MandatoryLogic/>
                <Query/>
                <AD_FieldGroup_ID reference="id"/>
                <Placeholder/>
                <Placeholder2/>
                <IsAutocomplete>N</IsAutocomplete>
                <DateRangeOption>D</DateRangeOption>
                <IsShowNegateButton>N</IsShowNegateButton>
                <AD_Process_Para_Trl type="translation">
                    <Description/>
                    <Help/>
                    <Name>Open Print Payment</Name>
                    <Placeholder/>
                    <Placeholder2/>
                    <AD_Language>en_ZA</AD_Language>
                    <IsActive>Y</IsActive>
                    <IsTranslated>Y</IsTranslated>
                </AD_Process_Para_Trl>
                <AD_Process_Para_Trl type="translation">
                    <Description/>
                    <Help/>
                    <Name>Open Print Payment</Name>
                    <Placeholder/>
                    <Placeholder2/>
                    <AD_Language>es_CO</AD_Language>
                    <IsActive>Y</IsActive>
                    <IsTranslated>N</IsTranslated>
                </AD_Process_Para_Trl>
            </AD_Process_Para>
            <AD_Process_Para type="table">
                <AD_Client_ID>0</AD_Client_ID>
                <AD_Org_ID>0</AD_Org_ID>
                <IsActive>Y</IsActive>
                <Name>PayDate</Name>
                <Description/>
                <Help/>
                <AD_Process_ID reference="uuid" reference-key="AD_Process">2264c442-21aa-43de-a01c-f133e0382cf6</AD_Process_ID>
                <SeqNo>20</SeqNo>
                <AD_Reference_ID reference="id">15</AD_Reference_ID>
                <AD_Reference_Value_ID reference="id"/>
                <IsRange>N</IsRange>
                <AD_Val_Rule_ID reference="id"/>
                <FieldLength>7</FieldLength>
                <IsMandatory>N</IsMandatory>
                <DefaultValue>@PayDate@</DefaultValue>
                <VFormat/>
                <ValueMin/>
                <ValueMax/>
                <ColumnName>PayDate</ColumnName>
                <DefaultValue2/>
                <IsCentrallyMaintained>N</IsCentrallyMaintained>
                <EntityType>za.co.ntier.payment.selection.manual</EntityType>
                <AD_Element_ID reference="id"/>
                <ReadOnlyLogic>@_IWInfoIDs_Selected@!''</ReadOnlyLogic>
                <DisplayLogic/>
                <AD_Process_Para_UU>8be9a3aa-902a-4a22-898d-a694795e51b6</AD_Process_Para_UU>
                <IsEncrypted>N</IsEncrypted>
                <MandatoryLogic/>
                <Query/>
                <AD_FieldGroup_ID reference="id"/>
                <Placeholder/>
                <Placeholder2/>
                <IsAutocomplete>N</IsAutocomplete>
                <DateRangeOption>D</DateRangeOption>
                <IsShowNegateButton>N</IsShowNegateButton>
                <AD_Process_Para_Trl type="translation">
                    <Description/>
                    <Help/>
                    <Name>PayDate</Name>
                    <Placeholder/>
                    <Placeholder2/>
                    <AD_Language>en_ZA</AD_Language>
                    <IsActive>Y</IsActive>
                    <IsTranslated>Y</IsTranslated>
                </AD_Process_Para_Trl>
                <AD_Process_Para_Trl type="translation">
                    <Description/>
                    <Help/>
                    <Name>PayDate</Name>
                    <Placeholder/>
                    <Placeholder2/>
                    <AD_Language>es_CO</AD_Language>
                    <IsActive>Y</IsActive>
                    <IsTranslated>N</IsTranslated>
                </AD_Process_Para_Trl>
            </AD_Process_Para>
            <AD_Process_Para type="table">
                <AD_Client_ID>0</AD_Client_ID>
                <AD_Org_ID>0</AD_Org_ID>
                <IsActive>Y</IsActive>
                <Name>Document Type</Name>
                <Description/>
                <Help/>
                <AD_Process_ID reference="uuid" reference-key="AD_Process">2264c442-21aa-43de-a01c-f133e0382cf6</AD_Process_ID>
                <SeqNo>30</SeqNo>
                <AD_Reference_ID reference="id">19</AD_Reference_ID>
                <AD_Reference_Value_ID reference="id"/>
                <IsRange>N</IsRange>
                <AD_Val_Rule_ID reference="uuid" reference-key="AD_Val_Rule">bc871ff0-ce1c-4cc3-82ed-83c0421faade</AD_Val_Rule_ID>
                <FieldLength>0</FieldLength>
                <IsMandatory>N</IsMandatory>
                <DefaultValue>@C_DocType_ID@</DefaultValue>
                <VFormat/>
                <ValueMin/>
                <ValueMax/>
                <ColumnName>C_DocType_ID</ColumnName>
                <DefaultValue2/>
                <IsCentrallyMaintained>N</IsCentrallyMaintained>
                <EntityType>za.co.ntier.payment.selection.manual</EntityType>
                <AD_Element_ID reference="id"/>
                <ReadOnlyLogic>@_IWInfoIDs_Selected@!''</ReadOnlyLogic>
                <DisplayLogic/>
                <AD_Process_Para_UU>6b9e6384-829e-41b2-98aa-87ac493bf092</AD_Process_Para_UU>
                <IsEncrypted>N</IsEncrypted>
                <MandatoryLogic/>
                <Query/>
                <AD_FieldGroup_ID reference="id"/>
                <Placeholder/>
                <Placeholder2/>
                <IsAutocomplete>N</IsAutocomplete>
                <DateRangeOption>D</DateRangeOption>
                <IsShowNegateButton>N</IsShowNegateButton>
                <AD_Process_Para_Trl type="translation">
                    <Description/>
                    <Help/>
                    <Name>Document Type</Name>
                    <Placeholder/>
                    <Placeholder2/>
                    <AD_Language>es_CO</AD_Language>
                    <IsActive>Y</IsActive>
                    <IsTranslated>N</IsTranslated>
                </AD_Process_Para_Trl>
                <AD_Process_Para_Trl type="translation">
                    <Description/>
                    <Help/>
                    <Name>Document Type</Name>
                    <Placeholder/>
                    <Placeholder2/>
                    <AD_Language>en_ZA</AD_Language>
                    <IsActive>Y</IsActive>
                    <IsTranslated>Y</IsTranslated>
                </AD_Process_Para_Trl>
            </AD_Process_Para>
            <AD_Process_Para type="table">
                <AD_Client_ID>0</AD_Client_ID>
                <AD_Org_ID>0</AD_Org_ID>
                <IsActive>Y</IsActive>
                <Name>Payment Rule</Name>
                <Description/>
                <Help/>
                <AD_Process_ID reference="uuid" reference-key="AD_Process">2264c442-21aa-43de-a01c-f133e0382cf6</AD_Process_ID>
                <SeqNo>40</SeqNo>
                <AD_Reference_ID reference="id">17</AD_Reference_ID>
                <AD_Reference_Value_ID reference="id">195</AD_Reference_Value_ID>
                <IsRange>N</IsRange>
                <AD_Val_Rule_ID reference="uuid" reference-key="AD_Val_Rule">ff0f4e01-a661-41cc-8de1-6620384010f6</AD_Val_Rule_ID>
                <FieldLength>1</FieldLength>
                <IsMandatory>N</IsMandatory>
                <DefaultValue>@PaymentRule@</DefaultValue>
                <VFormat/>
                <ValueMin/>
                <ValueMax/>
                <ColumnName>PaymentRule</ColumnName>
                <DefaultValue2/>
                <IsCentrallyMaintained>N</IsCentrallyMaintained>
                <EntityType>za.co.ntier.payment.selection.manual</EntityType>
                <AD_Element_ID reference="id"/>
                <ReadOnlyLogic>@_IWInfoIDs_Selected@!''</ReadOnlyLogic>
                <DisplayLogic/>
                <AD_Process_Para_UU>412a2bc7-1341-434b-9e2c-5b69a2881683</AD_Process_Para_UU>
                <IsEncrypted>N</IsEncrypted>
                <MandatoryLogic/>
                <Query/>
                <AD_FieldGroup_ID reference="id"/>
                <Placeholder/>
                <Placeholder2/>
                <IsAutocomplete>N</IsAutocomplete>
                <DateRangeOption>D</DateRangeOption>
                <IsShowNegateButton>N</IsShowNegateButton>
                <AD_Process_Para_Trl type="translation">
                    <Description/>
                    <Help/>
                    <Name>Payment Rule</Name>
                    <Placeholder/>
                    <Placeholder2/>
                    <AD_Language>es_CO</AD_Language>
                    <IsActive>Y</IsActive>
                    <IsTranslated>N</IsTranslated>
                </AD_Process_Para_Trl>
                <AD_Process_Para_Trl type="translation">
                    <Description/>
                    <Help/>
                    <Name>Payment Rule</Name>
                    <Placeholder/>
                    <Placeholder2/>
                    <AD_Language>en_ZA</AD_Language>
                    <IsActive>Y</IsActive>
                    <IsTranslated>Y</IsTranslated>
                </AD_Process_Para_Trl>
            </AD_Process_Para>
            <AD_Process_Para type="table">
                <AD_Client_ID>0</AD_Client_ID>
                <AD_Org_ID>0</AD_Org_ID>
                <IsActive>Y</IsActive>
                <Name>Only Due</Name>
                <Description/>
                <Help/>
                <AD_Process_ID reference="uuid" reference-key="AD_Process">2264c442-21aa-43de-a01c-f133e0382cf6</AD_Process_ID>
                <SeqNo>50</SeqNo>
                <AD_Reference_ID reference="id">20</AD_Reference_ID>
                <AD_Reference_Value_ID reference="id"/>
                <IsRange>N</IsRange>
                <AD_Val_Rule_ID reference="id"/>
                <FieldLength>0</FieldLength>
                <IsMandatory>N</IsMandatory>
                <DefaultValue>@OnlyDue@</DefaultValue>
                <VFormat/>
                <ValueMin/>
                <ValueMax/>
                <ColumnName>OnlyDue</ColumnName>
                <DefaultValue2/>
                <IsCentrallyMaintained>N</IsCentrallyMaintained>
                <EntityType>za.co.ntier.payment.selection.manual</EntityType>
                <AD_Element_ID reference="id"/>
                <ReadOnlyLogic>@_IWInfoIDs_Selected@!''</ReadOnlyLogic>
                <DisplayLogic/>
                <AD_Process_Para_UU>395b192b-a84f-4d1d-98af-d15eff6d8cd7</AD_Process_Para_UU>
                <IsEncrypted>N</IsEncrypted>
                <MandatoryLogic/>
                <Query/>
                <AD_FieldGroup_ID reference="id"/>
                <Placeholder/>
                <Placeholder2/>
                <IsAutocomplete>N</IsAutocomplete>
                <DateRangeOption>D</DateRangeOption>
                <IsShowNegateButton>N</IsShowNegateButton>
                <AD_Process_Para_Trl type="translation">
                    <Description/>
                    <Help/>
                    <Name>Only Due</Name>
                    <Placeholder/>
                    <Placeholder2/>
                    <AD_Language>es_CO</AD_Language>
                    <IsActive>Y</IsActive>
                    <IsTranslated>N</IsTranslated>
                </AD_Process_Para_Trl>
                <AD_Process_Para_Trl type="translation">
                    <Description/>
                    <Help/>
                    <Name>Only Due</Name>
                    <Placeholder/>
                    <Placeholder2/>
                    <AD_Language>en_ZA</AD_Language>
                    <IsActive>Y</IsActive>
                    <IsTranslated>Y</IsTranslated>
                </AD_Process_Para_Trl>
            </AD_Process_Para>
            <AD_Process_Para type="table">
                <AD_Client_ID>0</AD_Client_ID>
                <AD_Org_ID>0</AD_Org_ID>
                <IsActive>Y</IsActive>
                <Name>Only positive balance</Name>
                <Description/>
                <Help/>
                <AD_Process_ID reference="uuid" reference-key="AD_Process">2264c442-21aa-43de-a01c-f133e0382cf6</AD_Process_ID>
                <SeqNo>60</SeqNo>
                <AD_Reference_ID reference="id">20</AD_Reference_ID>
                <AD_Reference_Value_ID reference="id"/>
                <IsRange>N</IsRange>
                <AD_Val_Rule_ID reference="id"/>
                <FieldLength>0</FieldLength>
                <IsMandatory>N</IsMandatory>
                <DefaultValue>@PositiveBalance@</DefaultValue>
                <VFormat/>
                <ValueMin/>
                <ValueMax/>
                <ColumnName>PositiveBalance</ColumnName>
                <DefaultValue2/>
                <IsCentrallyMaintained>N</IsCentrallyMaintained>
                <EntityType>za.co.ntier.payment.selection.manual</EntityType>
                <AD_Element_ID reference="id"/>
                <ReadOnlyLogic>@_IWInfoIDs_Selected@!''</ReadOnlyLogic>
                <DisplayLogic/>
                <AD_Process_Para_UU>5d0dd894-c53d-4a7a-a8b5-4b59bd9ffa06</AD_Process_Para_UU>
                <IsEncrypted>N</IsEncrypted>
                <MandatoryLogic/>
                <Query/>
                <AD_FieldGroup_ID reference="id"/>
                <Placeholder/>
                <Placeholder2/>
                <IsAutocomplete>N</IsAutocomplete>
                <DateRangeOption>D</DateRangeOption>
                <IsShowNegateButton>N</IsShowNegateButton>
                <AD_Process_Para_Trl type="translation">
                    <Description/>
                    <Help/>
                    <Name>Only positive balance</Name>
                    <Placeholder/>
                    <Placeholder2/>
                    <AD_Language>es_CO</AD_Language>
                    <IsActive>Y</IsActive>
                    <IsTranslated>N</IsTranslated>
                </AD_Process_Para_Trl>
                <AD_Process_Para_Trl type="translation">
                    <Description/>
                    <Help/>
                    <Name>Only positive balance</Name>
                    <Placeholder/>
                    <Placeholder2/>
                    <AD_Language>en_ZA</AD_Language>
                    <IsActive>Y</IsActive>
                    <IsTranslated>Y</IsTranslated>
                </AD_Process_Para_Trl>
            </AD_Process_Para>
            <AD_Process_Para type="table">
                <AD_Client_ID>0</AD_Client_ID>
                <AD_Org_ID>0</AD_Org_ID>
                <IsActive>Y</IsActive>
                <Name>One Payment Per Invoice</Name>
                <Description/>
                <Help/>
                <AD_Process_ID reference="uuid" reference-key="AD_Process">2264c442-21aa-43de-a01c-f133e0382cf6</AD_Process_ID>
                <SeqNo>70</SeqNo>
                <AD_Reference_ID reference="id">20</AD_Reference_ID>
                <AD_Reference_Value_ID reference="id"/>
                <IsRange>N</IsRange>
                <AD_Val_Rule_ID reference="id"/>
                <FieldLength>0</FieldLength>
                <IsMandatory>N</IsMandatory>
                <DefaultValue>@IsOnePaymentPerInvoice@</DefaultValue>
                <VFormat/>
                <ValueMin/>
                <ValueMax/>
                <ColumnName>IsOnePaymentPerInvoice</ColumnName>
                <DefaultValue2/>
                <IsCentrallyMaintained>N</IsCentrallyMaintained>
                <EntityType>za.co.ntier.payment.selection.manual</EntityType>
                <AD_Element_ID reference="id"/>
                <ReadOnlyLogic>@_IWInfoIDs_Selected@!''</ReadOnlyLogic>
                <DisplayLogic/>
                <AD_Process_Para_UU>1776a814-aaec-43ee-bee6-b1afe3fbf9a9</AD_Process_Para_UU>
                <IsEncrypted>N</IsEncrypted>
                <MandatoryLogic/>
                <Query/>
                <AD_FieldGroup_ID reference="id"/>
                <Placeholder/>
                <Placeholder2/>
                <IsAutocomplete>N</IsAutocomplete>
                <DateRangeOption>D</DateRangeOption>
                <IsShowNegateButton>N</IsShowNegateButton>
                <AD_Process_Para_Trl type="translation">
                    <Description/>
                    <Help/>
                    <Name>One Payment Per Invoice</Name>
                    <Placeholder/>
                    <Placeholder2/>
                    <AD_Language>es_CO</AD_Language>
                    <IsActive>Y</IsActive>
                    <IsTranslated>N</IsTranslated>
                </AD_Process_Para_Trl>
                <AD_Process_Para_Trl type="translation">
                    <Description/>
                    <Help/>
                    <Name>One Payment Per Invoice</Name>
                    <Placeholder/>
                    <Placeholder2/>
                    <AD_Language>en_ZA</AD_Language>
                    <IsActive>Y</IsActive>
                    <IsTranslated>Y</IsTranslated>
                </AD_Process_Para_Trl>
            </AD_Process_Para>
            <AD_Process_Para type="table">
                <AD_Client_ID>0</AD_Client_ID>
                <AD_Org_ID>0</AD_Org_ID>
                <IsActive>Y</IsActive>
                <Name>Business Partner</Name>
                <Description/>
                <Help/>
                <AD_Process_ID reference="uuid" reference-key="AD_Process">2264c442-21aa-43de-a01c-f133e0382cf6</AD_Process_ID>
                <SeqNo>80</SeqNo>
                <AD_Reference_ID reference="id">30</AD_Reference_ID>
                <AD_Reference_Value_ID reference="id"/>
                <IsRange>N</IsRange>
                <AD_Val_Rule_ID reference="uuid" reference-key="AD_Val_Rule">7c8876bf-9356-4f5d-b2be-8cad6dce5700</AD_Val_Rule_ID>
                <FieldLength>0</FieldLength>
                <IsMandatory>N</IsMandatory>
                <DefaultValue>@C_BPartner_ID@</DefaultValue>
                <VFormat/>
                <ValueMin/>
                <ValueMax/>
                <ColumnName>C_BPartner_ID</ColumnName>
                <DefaultValue2/>
                <IsCentrallyMaintained>N</IsCentrallyMaintained>
                <EntityType>za.co.ntier.payment.selection.manual</EntityType>
                <AD_Element_ID reference="id"/>
                <ReadOnlyLogic>@_IWInfoIDs_Selected@!''</ReadOnlyLogic>
                <DisplayLogic/>
                <AD_Process_Para_UU>df1ec7e5-6d83-4416-8ab1-f02cf8023822</AD_Process_Para_UU>
                <IsEncrypted>N</IsEncrypted>
                <MandatoryLogic/>
                <Query/>
                <AD_FieldGroup_ID reference="id"/>
                <Placeholder/>
                <Placeholder2/>
                <IsAutocomplete>N</IsAutocomplete>
                <DateRangeOption>D</DateRangeOption>
                <IsShowNegateButton>N</IsShowNegateButton>
                <AD_Process_Para_Trl type="translation">
                    <Description/>
                    <Help/>
                    <Name>Business Partner</Name>
                    <Placeholder/>
                    <Placeholder2/>
                    <AD_Language>es_CO</AD_Language>
                    <IsActive>Y</IsActive>
                    <IsTranslated>N</IsTranslated>
                </AD_Process_Para_Trl>
                <AD_Process_Para_Trl type="translation">
                    <Description/>
                    <Help/>
                    <Name>Business Partner</Name>
                    <Placeholder/>
                    <Placeholder2/>
                    <AD_Language>en_ZA</AD_Language>
                    <IsActive>Y</IsActive>
                    <IsTranslated>Y</IsTranslated>
                </AD_Process_Para_Trl>
            </AD_Process_Para>
            <AD_Process_Para type="table">
                <AD_Client_ID>0</AD_Client_ID>
                <AD_Org_ID>0</AD_Org_ID>
                <IsActive>Y</IsActive>
                <Name>Generate Payment</Name>
                <Description/>
                <Help/>
                <AD_Process_ID reference="uuid" reference-key="AD_Process">2264c442-21aa-43de-a01c-f133e0382cf6</AD_Process_ID>
                <SeqNo>90</SeqNo>
                <AD_Reference_ID reference="id">20</AD_Reference_ID>
                <AD_Reference_Value_ID reference="id"/>
                <IsRange>N</IsRange>
                <AD_Val_Rule_ID reference="id"/>
                <FieldLength>0</FieldLength>
                <IsMandatory>N</IsMandatory>
                <DefaultValue>N</DefaultValue>
                <VFormat/>
                <ValueMin/>
                <ValueMax/>
                <ColumnName>isGeneratePayment</ColumnName>
                <DefaultValue2/>
                <IsCentrallyMaintained>N</IsCentrallyMaintained>
                <EntityType>za.co.ntier.payment.selection.manual</EntityType>
                <AD_Element_ID reference="id"/>
                <ReadOnlyLogic>@#PAYMENT_SELECTION_MANUAL_ASK_INVOKE_GENERATE@=N</ReadOnlyLogic>
                <DisplayLogic>@#PAYMENT_SELECTION_MANUAL_ASK_INVOKE_GENERATE@=Y</DisplayLogic>
                <AD_Process_Para_UU>2ea28ca5-6b66-4e5b-99ec-184ce605642f</AD_Process_Para_UU>
                <IsEncrypted>N</IsEncrypted>
                <MandatoryLogic/>
                <Query/>
                <AD_FieldGroup_ID reference="id"/>
                <Placeholder/>
                <Placeholder2/>
                <IsAutocomplete>N</IsAutocomplete>
                <DateRangeOption>D</DateRangeOption>
                <IsShowNegateButton>N</IsShowNegateButton>
                <AD_Process_Para_Trl type="translation">
                    <Description/>
                    <Help/>
                    <Name>invoke generate payments</Name>
                    <Placeholder/>
                    <Placeholder2/>
                    <AD_Language>es_CO</AD_Language>
                    <IsActive>Y</IsActive>
                    <IsTranslated>N</IsTranslated>
                </AD_Process_Para_Trl>
                <AD_Process_Para_Trl type="translation">
                    <Description/>
                    <Help/>
                    <Name>Generate Payment</Name>
                    <Placeholder/>
                    <Placeholder2/>
                    <AD_Language>en_ZA</AD_Language>
                    <IsActive>Y</IsActive>
                    <IsTranslated>Y</IsTranslated>
                </AD_Process_Para_Trl>
            </AD_Process_Para>
        </AD_Process>
        <AD_InfoProcess type="table">
            <AD_Client_ID>0</AD_Client_ID>
            <AD_Org_ID>0</AD_Org_ID>
            <AD_InfoProcess_UU>00819a2c-1723-46b4-a71f-5283b85d206d</AD_InfoProcess_UU>
            <IsActive>Y</IsActive>
            <ImageURL/>
            <SeqNo>10</SeqNo>
            <AD_Process_ID reference="uuid" reference-key="AD_Process">2264c442-21aa-43de-a01c-f133e0382cf6</AD_Process_ID>
            <AD_InfoWindow_ID reference="uuid" reference-key="AD_InfoWindow">1cadacc9-bc7b-41b1-bcb9-7eb639847ffa</AD_InfoWindow_ID>
            <LayoutType>B</LayoutType>
            <DisplayLogic/>
            <AD_InfoColumn_ID reference="uuid" reference-key="AD_InfoColumn">4db20ce4-32a7-479a-83a2-d5a9ab70a412</AD_InfoColumn_ID>
            <EntityType>za.co.ntier.payment.selection.manual</EntityType>
        </AD_InfoProcess>
    </AD_InfoWindow>
    <AD_Menu type="table">
        <Parent_ID reference="id">236</Parent_ID>
        <SeqNo>20</SeqNo>
        <AD_Client_ID>0</AD_Client_ID>
        <AD_Org_ID>0</AD_Org_ID>
        <Name>Payment Selection (manual)</Name>
        <Description>Manual Payment Selection</Description>
        <Action>I</Action>
        <AD_Window_ID reference="id"/>
        <AD_Workflow_ID reference="id"/>
        <AD_Task_ID reference="id"/>
        <IsActive>Y</IsActive>
        <IsSummary>N</IsSummary>
        <AD_Process_ID reference="id"/>
        <IsSOTrx>Y</IsSOTrx>
        <AD_Form_ID reference="id"/>
        <IsReadOnly>N</IsReadOnly>
        <EntityType>D</EntityType>
        <IsCentrallyMaintained>Y</IsCentrallyMaintained>
        <AD_Menu_UU>8e5a5981-08f0-41c2-ad8e-eb73c3b2a7f2</AD_Menu_UU>
        <AD_InfoWindow_ID reference="uuid" reference-key="AD_InfoWindow">1cadacc9-bc7b-41b1-bcb9-7eb639847ffa</AD_InfoWindow_ID>
        <PredefinedContextVariables/>
        <AD_Menu_Trl type="translation">
            <Description>Manual Payment Selection</Description>
            <Name>Payment Selection (manual)</Name>
            <AD_Language>es_CO</AD_Language>
            <IsActive>Y</IsActive>
            <IsTranslated>N</IsTranslated>
        </AD_Menu_Trl>
        <AD_Menu_Trl type="translation">
            <Description>Manual Payment Selection</Description>
            <Name>Payment Selection (manual)</Name>
            <AD_Language>en_ZA</AD_Language>
            <IsActive>Y</IsActive>
            <IsTranslated>Y</IsTranslated>
        </AD_Menu_Trl>
    </AD_Menu>
</idempiere>
