<?xml version="1.0" encoding="UTF-8"?><idempiere Name="AD_Package_Exp" Version="1.0.0" idempiereVersion="12.0.0.qualifier" DataBaseVersion="2024-12-24" Description="" Author="Hiep" AuthorEmail="hieplq@hasuvimex.vn" CreatedDate="Mon Mar 03 13:37:14 ICT 2025" UpdatedDate="Mon Mar 03 13:37:14 ICT 2025" PackOutVersion="100" UpdateDictionary="false" Client="1000000-MQA-MQA" AD_Client_UU="b56e1c7f-e2b5-4322-b7e2-6e9a7719b9a6">
    <AD_Package_Exp type="table">
        <AD_Org_ID>0</AD_Org_ID>
        <AD_Package_Type>X</AD_Package_Type>
        <EMail/>
        <Instructions/>
        <Name>mqa.za.co.ntier.report.remittance</Name>
        <Processed>N</Processed>
        <ReleaseNo/>
        <Version/>
        <UserName/>
        <Processing>N</Processing>
        <PK_Version>1.0.0</PK_Version>
        <IsActive>Y</IsActive>
        <File_Directory/>
        <Description/>
        <AD_Package_Exp_UU>a3b8b606-e950-4815-8db4-bc2b7bdc5dbb</AD_Package_Exp_UU>
        <DateFrom/>
        <IsExportDictionaryEntity>N</IsExportDictionaryEntity>
        <AD_Package_Exp_Detail type="table">
            <AD_Client_ID reference="uuid" reference-key="AD_Client">b56e1c7f-e2b5-4322-b7e2-6e9a7719b9a6</AD_Client_ID>
            <AD_Org_ID reference="uuid" reference-key="AD_Org">d5bba70c-92e3-4b76-8f96-c1f12327e53c</AD_Org_ID>
            <AD_Form_ID reference="id"/>
            <AD_ImpFormat_ID reference="id"/>
            <AD_Menu_ID reference="id"/>
            <AD_Process_ID reference="id"/>
            <AD_Role_ID reference="id"/>
            <AD_Window_ID reference="id"/>
            <AD_Workflow_ID reference="id"/>
            <IsActive>Y</IsActive>
            <File_Directory/>
            <FileName/>
            <Destination_FileName/>
            <Destination_Directory/>
            <Description/>
            <DBType>ALL</DBType>
            <Type>PFT</Type>
            <Target_Directory/>
            <SQLStatement/>
            <ReleaseNo/>
            <Processing>N</Processing>
            <Processed>N</Processed>
            <Name2/>
            <Line>10</Line>
            <AD_Table_ID reference="id"/>
            <AD_ReportView_ID reference="id"/>
            <AD_Package_Exp_ID reference="uuid" reference-key="AD_Package_Exp">a3b8b606-e950-4815-8db4-bc2b7bdc5dbb</AD_Package_Exp_ID>
            <AD_Package_Code_New/>
            <AD_Package_Code_Old/>
            <AD_Val_Rule_ID reference="id"/>
            <AD_Message_ID reference="id"/>
            <AD_PrintFormat_ID reference="uuid" reference-key="AD_PrintFormat">5972e081-99e5-4930-ab0d-438e5e0468ca</AD_PrintFormat_ID>
            <AD_Reference_ID reference="id"/>
            <AD_ModelValidator_ID reference="id"/>
            <AD_EntityType_ID reference="id"/>
            <AD_Package_Exp_Detail_UU>81928ff0-e0e2-4479-bc6f-168726183138</AD_Package_Exp_Detail_UU>
            <AD_InfoWindow_ID reference="id"/>
            <ExecCode/>
        </AD_Package_Exp_Detail>
        <AD_Package_Exp_Detail type="table">
            <AD_Client_ID reference="uuid" reference-key="AD_Client">b56e1c7f-e2b5-4322-b7e2-6e9a7719b9a6</AD_Client_ID>
            <AD_Org_ID reference="uuid" reference-key="AD_Org">d5bba70c-92e3-4b76-8f96-c1f12327e53c</AD_Org_ID>
            <AD_Form_ID reference="id"/>
            <AD_ImpFormat_ID reference="id"/>
            <AD_Menu_ID reference="id"/>
            <AD_Process_ID reference="id"/>
            <AD_Role_ID reference="id"/>
            <AD_Window_ID reference="id"/>
            <AD_Workflow_ID reference="id"/>
            <IsActive>Y</IsActive>
            <File_Directory/>
            <FileName/>
            <Destination_FileName/>
            <Destination_Directory/>
            <Description/>
            <DBType>Postgres</DBType>
            <Type>SQM</Type>
            <Target_Directory/>
            <SQLStatement>UPDATE AD_PrintForm SET Remittance_PrintFormat_ID = (SELECT AD_PrintFormat_ID FROM AD_PrintFormat WHERE AD_PrintFormat_UU='5972e081-99e5-4930-ab0d-438e5e0468ca') WHERE AD_PrintForm.AD_Client_ID = @#AD_Client_ID@ AND name = 'Standard'</SQLStatement>
            <ReleaseNo/>
            <Processing>N</Processing>
            <Processed>N</Processed>
            <Name2/>
            <Line>20</Line>
            <AD_Table_ID reference="id"/>
            <AD_ReportView_ID reference="id"/>
            <AD_Package_Exp_ID reference="uuid" reference-key="AD_Package_Exp">a3b8b606-e950-4815-8db4-bc2b7bdc5dbb</AD_Package_Exp_ID>
            <AD_Package_Code_New/>
            <AD_Package_Code_Old/>
            <AD_Val_Rule_ID reference="id"/>
            <AD_Message_ID reference="id"/>
            <AD_PrintFormat_ID reference="id"/>
            <AD_Reference_ID reference="id"/>
            <AD_ModelValidator_ID reference="id"/>
            <AD_EntityType_ID reference="id"/>
            <AD_Package_Exp_Detail_UU>be015ed9-bd60-491e-929b-2ff27e32473e</AD_Package_Exp_Detail_UU>
            <AD_InfoWindow_ID reference="id"/>
            <ExecCode/>
        </AD_Package_Exp_Detail>
    </AD_Package_Exp>
</idempiere>
