<?xml version="1.0" encoding="UTF-8"?><idempiere Name="mqa.za.co.ntier.bank" Version="1.0.0" idempiereVersion="" DataBaseVersion="" Description="" Author="" AuthorEmail="" CreatedDate="2025-03-15 11:28:51.675" UpdatedDate="2025-03-15 11:28:51.675" PackOutVersion="100" UpdateDictionary="false" Client="1000000-MQA-MQA" AD_Client_UU="b56e1c7f-e2b5-4322-b7e2-6e9a7719b9a6">
    <AD_UserDef_Info type="table">
        <AD_Org_ID>0</AD_Org_ID>
        <IsActive>Y</IsActive>
        <AD_Role_ID reference="id"/>
        <AD_User_ID reference="id"/>
        <AD_InfoWindow_ID reference="uuid" reference-key="AD_InfoWindow">1cadacc9-bc7b-41b1-bcb9-7eb639847ffa</AD_InfoWindow_ID>
        <Name/>
        <Description/>
        <Help/>
        <AD_Language/>
        <AD_UserDef_Info_UU>0bcd568a-97f4-4adb-bfda-6c4105d4ceeb</AD_UserDef_Info_UU>
        <IsShowInDashboard/>
        <SeqNo>0</SeqNo>
        <ImageURL/>
        <AD_Window_ID reference="id"/>
        <PO_Window_ID reference="id"/>
        <AD_UserDef_Info_Column type="table">
            <AD_Client_ID reference="uuid" reference-key="AD_Client">b56e1c7f-e2b5-4322-b7e2-6e9a7719b9a6</AD_Client_ID>
            <AD_Org_ID reference="uuid" reference-key="AD_Org">d5bba70c-92e3-4b76-8f96-c1f12327e53c</AD_Org_ID>
            <IsActive>Y</IsActive>
            <AD_InfoColumn_ID reference="uuid" reference-key="AD_InfoColumn">7f4bf08e-c606-408c-9779-9d2b88b58f34</AD_InfoColumn_ID>
            <Name/>
            <Description/>
            <Help/>
            <AD_UserDef_Info_Column_UU>fd4d6b76-ec7c-4eac-b164-08bca2422935</AD_UserDef_Info_Column_UU>
            <SeqNo>225</SeqNo>
            <IsDisplayed/>
            <IsQueryCriteria/>
            <AD_Reference_ID reference="id"/>
            <AD_Reference_Value_ID reference="id"/>
            <AD_Val_Rule_ID reference="id"/>
            <DisplayLogic/>
            <QueryOperator/>
            <QueryFunction/>
            <SeqNoSelection>0</SeqNoSelection>
            <DefaultValue/>
            <IsMandatory/>
            <IsReadOnly/>
            <Placeholder/>
            <InputFieldValidation/>
            <AD_FieldStyle_ID reference="id"/>
            <IsAutocomplete/>
            <AD_UserDef_Info_ID reference="uuid" reference-key="AD_UserDef_Info">0bcd568a-97f4-4adb-bfda-6c4105d4ceeb</AD_UserDef_Info_ID>
            <IsQueryAfterChange/>
        </AD_UserDef_Info_Column>
        <AD_UserDef_Info_Column type="table">
            <AD_Client_ID reference="uuid" reference-key="AD_Client">b56e1c7f-e2b5-4322-b7e2-6e9a7719b9a6</AD_Client_ID>
            <AD_Org_ID reference="uuid" reference-key="AD_Org">d5bba70c-92e3-4b76-8f96-c1f12327e53c</AD_Org_ID>
            <IsActive>Y</IsActive>
            <AD_InfoColumn_ID reference="uuid" reference-key="AD_InfoColumn">052c3010-8450-4f87-9dcd-74324faebbcf</AD_InfoColumn_ID>
            <Name/>
            <Description/>
            <Help/>
            <AD_UserDef_Info_Column_UU>c8ebfbce-5e9c-4005-8487-ba3bf14cc3a9</AD_UserDef_Info_Column_UU>
            <SeqNo>223</SeqNo>
            <IsDisplayed/>
            <IsQueryCriteria/>
            <AD_Reference_ID reference="id"/>
            <AD_Reference_Value_ID reference="id"/>
            <AD_Val_Rule_ID reference="id"/>
            <DisplayLogic/>
            <QueryOperator/>
            <QueryFunction/>
            <SeqNoSelection>0</SeqNoSelection>
            <DefaultValue/>
            <IsMandatory/>
            <IsReadOnly/>
            <Placeholder/>
            <InputFieldValidation/>
            <AD_FieldStyle_ID reference="id"/>
            <IsAutocomplete/>
            <AD_UserDef_Info_ID reference="uuid" reference-key="AD_UserDef_Info">0bcd568a-97f4-4adb-bfda-6c4105d4ceeb</AD_UserDef_Info_ID>
            <IsQueryAfterChange/>
        </AD_UserDef_Info_Column>
        <AD_UserDef_Info_Column type="table">
            <AD_Client_ID reference="uuid" reference-key="AD_Client">b56e1c7f-e2b5-4322-b7e2-6e9a7719b9a6</AD_Client_ID>
            <AD_Org_ID reference="uuid" reference-key="AD_Org">d5bba70c-92e3-4b76-8f96-c1f12327e53c</AD_Org_ID>
            <IsActive>Y</IsActive>
            <AD_InfoColumn_ID reference="uuid" reference-key="AD_InfoColumn">d6a40f4c-679b-4022-bae4-1c94fb0790af</AD_InfoColumn_ID>
            <Name/>
            <Description/>
            <Help/>
            <AD_UserDef_Info_Column_UU>a16cca91-4aeb-4aa2-99ab-202a4e95b27d</AD_UserDef_Info_Column_UU>
            <SeqNo/>
            <IsDisplayed/>
            <IsQueryCriteria>Y</IsQueryCriteria>
            <AD_Reference_ID reference="id"/>
            <AD_Reference_Value_ID reference="id"/>
            <AD_Val_Rule_ID reference="id"/>
            <DisplayLogic/>
            <QueryOperator>=</QueryOperator>
            <QueryFunction/>
            <SeqNoSelection>0</SeqNoSelection>
            <DefaultValue/>
            <IsMandatory/>
            <IsReadOnly/>
            <Placeholder/>
            <InputFieldValidation/>
            <AD_FieldStyle_ID reference="id"/>
            <IsAutocomplete/>
            <AD_UserDef_Info_ID reference="uuid" reference-key="AD_UserDef_Info">0bcd568a-97f4-4adb-bfda-6c4105d4ceeb</AD_UserDef_Info_ID>
            <IsQueryAfterChange/>
        </AD_UserDef_Info_Column>
        <AD_UserDef_Info_Column type="table">
            <AD_Client_ID reference="uuid" reference-key="AD_Client">b56e1c7f-e2b5-4322-b7e2-6e9a7719b9a6</AD_Client_ID>
            <AD_Org_ID reference="uuid" reference-key="AD_Org">d5bba70c-92e3-4b76-8f96-c1f12327e53c</AD_Org_ID>
            <IsActive>Y</IsActive>
            <AD_InfoColumn_ID reference="uuid" reference-key="AD_InfoColumn">e72b0efc-872b-41a8-b3fb-548517e55540</AD_InfoColumn_ID>
            <Name/>
            <Description/>
            <Help/>
            <AD_UserDef_Info_Column_UU>b985a433-7f76-48f8-a21b-0a27c4dddb38</AD_UserDef_Info_Column_UU>
            <SeqNo/>
            <IsDisplayed/>
            <IsQueryCriteria>Y</IsQueryCriteria>
            <AD_Reference_ID reference="id"/>
            <AD_Reference_Value_ID reference="id"/>
            <AD_Val_Rule_ID reference="id"/>
            <DisplayLogic/>
            <QueryOperator>=</QueryOperator>
            <QueryFunction/>
            <SeqNoSelection>0</SeqNoSelection>
            <DefaultValue/>
            <IsMandatory/>
            <IsReadOnly/>
            <Placeholder/>
            <InputFieldValidation/>
            <AD_FieldStyle_ID reference="id"/>
            <IsAutocomplete/>
            <AD_UserDef_Info_ID reference="uuid" reference-key="AD_UserDef_Info">0bcd568a-97f4-4adb-bfda-6c4105d4ceeb</AD_UserDef_Info_ID>
            <IsQueryAfterChange/>
        </AD_UserDef_Info_Column>
        <AD_UserDef_Info_Column type="table">
            <AD_Client_ID reference="uuid" reference-key="AD_Client">b56e1c7f-e2b5-4322-b7e2-6e9a7719b9a6</AD_Client_ID>
            <AD_Org_ID reference="uuid" reference-key="AD_Org">d5bba70c-92e3-4b76-8f96-c1f12327e53c</AD_Org_ID>
            <IsActive>Y</IsActive>
            <AD_InfoColumn_ID reference="uuid" reference-key="AD_InfoColumn">3e0f78a3-6392-4db9-bc16-66b94a20dbff</AD_InfoColumn_ID>
            <Name/>
            <Description/>
            <Help/>
            <AD_UserDef_Info_Column_UU>0afb9557-ae4c-4618-9b23-91649aeed215</AD_UserDef_Info_Column_UU>
            <SeqNo>221</SeqNo>
            <IsDisplayed/>
            <IsQueryCriteria/>
            <AD_Reference_ID reference="id"/>
            <AD_Reference_Value_ID reference="id"/>
            <AD_Val_Rule_ID reference="id"/>
            <DisplayLogic/>
            <QueryOperator/>
            <QueryFunction/>
            <SeqNoSelection>0</SeqNoSelection>
            <DefaultValue/>
            <IsMandatory/>
            <IsReadOnly/>
            <Placeholder/>
            <InputFieldValidation/>
            <AD_FieldStyle_ID reference="id"/>
            <IsAutocomplete/>
            <AD_UserDef_Info_ID reference="uuid" reference-key="AD_UserDef_Info">0bcd568a-97f4-4adb-bfda-6c4105d4ceeb</AD_UserDef_Info_ID>
            <IsQueryAfterChange/>
        </AD_UserDef_Info_Column>
        <AD_UserDef_Info_Column type="table">
            <AD_Client_ID reference="uuid" reference-key="AD_Client">b56e1c7f-e2b5-4322-b7e2-6e9a7719b9a6</AD_Client_ID>
            <AD_Org_ID reference="uuid" reference-key="AD_Org">d5bba70c-92e3-4b76-8f96-c1f12327e53c</AD_Org_ID>
            <IsActive>Y</IsActive>
            <AD_InfoColumn_ID reference="uuid" reference-key="AD_InfoColumn">22de6300-fb00-4f01-92df-26e5bb1c2164</AD_InfoColumn_ID>
            <Name/>
            <Description/>
            <Help/>
            <AD_UserDef_Info_Column_UU>395574a3-e841-4387-bb1e-a94b724e9b50</AD_UserDef_Info_Column_UU>
            <SeqNo>222</SeqNo>
            <IsDisplayed/>
            <IsQueryCriteria/>
            <AD_Reference_ID reference="id"/>
            <AD_Reference_Value_ID reference="id"/>
            <AD_Val_Rule_ID reference="id"/>
            <DisplayLogic/>
            <QueryOperator/>
            <QueryFunction/>
            <SeqNoSelection>0</SeqNoSelection>
            <DefaultValue/>
            <IsMandatory/>
            <IsReadOnly/>
            <Placeholder/>
            <InputFieldValidation/>
            <AD_FieldStyle_ID reference="id"/>
            <IsAutocomplete/>
            <AD_UserDef_Info_ID reference="uuid" reference-key="AD_UserDef_Info">0bcd568a-97f4-4adb-bfda-6c4105d4ceeb</AD_UserDef_Info_ID>
            <IsQueryAfterChange/>
        </AD_UserDef_Info_Column>
        <AD_UserDef_Info_Column type="table">
            <AD_Client_ID reference="uuid" reference-key="AD_Client">b56e1c7f-e2b5-4322-b7e2-6e9a7719b9a6</AD_Client_ID>
            <AD_Org_ID reference="uuid" reference-key="AD_Org">d5bba70c-92e3-4b76-8f96-c1f12327e53c</AD_Org_ID>
            <IsActive>Y</IsActive>
            <AD_InfoColumn_ID reference="uuid" reference-key="AD_InfoColumn">edb74a47-952d-4922-9ef0-7947a351252a</AD_InfoColumn_ID>
            <Name/>
            <Description/>
            <Help/>
            <AD_UserDef_Info_Column_UU>9bf2e148-fd2f-4831-b2c9-21b08b7ff29e</AD_UserDef_Info_Column_UU>
            <SeqNo>223</SeqNo>
            <IsDisplayed/>
            <IsQueryCriteria/>
            <AD_Reference_ID reference="id"/>
            <AD_Reference_Value_ID reference="id"/>
            <AD_Val_Rule_ID reference="id"/>
            <DisplayLogic/>
            <QueryOperator/>
            <QueryFunction/>
            <SeqNoSelection>0</SeqNoSelection>
            <DefaultValue/>
            <IsMandatory/>
            <IsReadOnly/>
            <Placeholder/>
            <InputFieldValidation/>
            <AD_FieldStyle_ID reference="id"/>
            <IsAutocomplete/>
            <AD_UserDef_Info_ID reference="uuid" reference-key="AD_UserDef_Info">0bcd568a-97f4-4adb-bfda-6c4105d4ceeb</AD_UserDef_Info_ID>
            <IsQueryAfterChange/>
        </AD_UserDef_Info_Column>
        <AD_UserDef_Info_Column type="table">
            <AD_Client_ID reference="uuid" reference-key="AD_Client">b56e1c7f-e2b5-4322-b7e2-6e9a7719b9a6</AD_Client_ID>
            <AD_Org_ID reference="uuid" reference-key="AD_Org">d5bba70c-92e3-4b76-8f96-c1f12327e53c</AD_Org_ID>
            <IsActive>Y</IsActive>
            <AD_InfoColumn_ID reference="uuid" reference-key="AD_InfoColumn">2827c758-04a1-451f-899a-3c6bf8adf747</AD_InfoColumn_ID>
            <Name/>
            <Description/>
            <Help/>
            <AD_UserDef_Info_Column_UU>a6014e72-6514-46fa-9006-80edd5319d87</AD_UserDef_Info_Column_UU>
            <SeqNo>111</SeqNo>
            <IsDisplayed>Y</IsDisplayed>
            <IsQueryCriteria/>
            <AD_Reference_ID reference="id"/>
            <AD_Reference_Value_ID reference="id"/>
            <AD_Val_Rule_ID reference="id"/>
            <DisplayLogic/>
            <QueryOperator/>
            <QueryFunction/>
            <SeqNoSelection>0</SeqNoSelection>
            <DefaultValue/>
            <IsMandatory/>
            <IsReadOnly/>
            <Placeholder/>
            <InputFieldValidation/>
            <AD_FieldStyle_ID reference="id"/>
            <IsAutocomplete/>
            <AD_UserDef_Info_ID reference="uuid" reference-key="AD_UserDef_Info">0bcd568a-97f4-4adb-bfda-6c4105d4ceeb</AD_UserDef_Info_ID>
            <IsQueryAfterChange/>
        </AD_UserDef_Info_Column>
    </AD_UserDef_Info>
    <AD_UserDef_Proc type="table">
        <AD_Org_ID>0</AD_Org_ID>
        <AD_UserDef_Proc_UU>7e0c6ebb-0154-4ead-bdcf-02dcc47a1245</AD_UserDef_Proc_UU>
        <IsActive>Y</IsActive>
        <AD_Role_ID reference="id"/>
        <AD_User_ID reference="id"/>
        <Name/>
        <Description/>
        <Help/>
        <AD_Language/>
        <IsUserUpdateable>N</IsUserUpdateable>
        <AD_Process_ID reference="uuid" reference-key="AD_Process">2264c442-21aa-43de-a01c-f133e0382cf6</AD_Process_ID>
        <AD_UserDef_Proc_Parameter type="table">
            <AD_Client_ID reference="uuid" reference-key="AD_Client">b56e1c7f-e2b5-4322-b7e2-6e9a7719b9a6</AD_Client_ID>
            <AD_Org_ID reference="uuid" reference-key="AD_Org">d5bba70c-92e3-4b76-8f96-c1f12327e53c</AD_Org_ID>
            <AD_UserDef_Proc_Parameter_UU>bb75dabd-455b-4365-95ff-ddded042e06f</AD_UserDef_Proc_Parameter_UU>
            <IsActive>Y</IsActive>
            <AD_UserDef_Proc_ID reference="uuid" reference-key="AD_UserDef_Proc">7e0c6ebb-0154-4ead-bdcf-02dcc47a1245</AD_UserDef_Proc_ID>
            <Name/>
            <Description/>
            <Help/>
            <IsDisplayed/>
            <DisplayLogic>@_IWInfoIDs_Selected@=''</DisplayLogic>
            <DefaultValue/>
            <AD_Process_Para_ID reference="uuid" reference-key="AD_Process_Para">297f258e-300c-4b21-96e3-68558404a391</AD_Process_Para_ID>
            <ReadOnlyLogic/>
            <MandatoryLogic/>
            <AD_Reference_ID reference="id"/>
            <AD_Reference_Value_ID reference="id"/>
            <AD_Val_Rule_ID reference="id"/>
            <DefaultValue2/>
            <Placeholder/>
            <Placeholder2/>
            <IsRange>N</IsRange>
            <IsMandatory/>
            <ValueMin/>
            <ValueMax/>
            <SeqNo>0</SeqNo>
            <VFormat/>
            <AD_FieldGroup_ID reference="id"/>
        </AD_UserDef_Proc_Parameter>
        <AD_UserDef_Proc_Parameter type="table">
            <AD_Client_ID reference="uuid" reference-key="AD_Client">b56e1c7f-e2b5-4322-b7e2-6e9a7719b9a6</AD_Client_ID>
            <AD_Org_ID reference="uuid" reference-key="AD_Org">d5bba70c-92e3-4b76-8f96-c1f12327e53c</AD_Org_ID>
            <AD_UserDef_Proc_Parameter_UU>4a96d92d-1002-482c-ac00-913cb5de7d56</AD_UserDef_Proc_Parameter_UU>
            <IsActive>Y</IsActive>
            <AD_UserDef_Proc_ID reference="uuid" reference-key="AD_UserDef_Proc">7e0c6ebb-0154-4ead-bdcf-02dcc47a1245</AD_UserDef_Proc_ID>
            <Name/>
            <Description/>
            <Help/>
            <IsDisplayed/>
            <DisplayLogic>@_IWInfoIDs_Selected@=''</DisplayLogic>
            <DefaultValue/>
            <AD_Process_Para_ID reference="uuid" reference-key="AD_Process_Para">d91870eb-aa52-4a89-aaa8-cc79391a7f4c</AD_Process_Para_ID>
            <ReadOnlyLogic/>
            <MandatoryLogic/>
            <AD_Reference_ID reference="id"/>
            <AD_Reference_Value_ID reference="id"/>
            <AD_Val_Rule_ID reference="id"/>
            <DefaultValue2/>
            <Placeholder/>
            <Placeholder2/>
            <IsRange>N</IsRange>
            <IsMandatory/>
            <ValueMin/>
            <ValueMax/>
            <SeqNo>0</SeqNo>
            <VFormat/>
            <AD_FieldGroup_ID reference="id"/>
        </AD_UserDef_Proc_Parameter>
    </AD_UserDef_Proc>
    <AD_UserDef_Win type="table">
        <AD_Org_ID>0</AD_Org_ID>
        <AD_User_ID reference="id"/>
        <IsActive>Y</IsActive>
        <AD_Window_ID reference="uuid" reference-key="AD_Window">d9fc40c8-571e-4365-8ec3-c8153a90475d</AD_Window_ID>
        <Name/>
        <Description/>
        <Help/>
        <AD_Language/>
        <IsDefault>N</IsDefault>
        <IsReadOnly>N</IsReadOnly>
        <IsUserUpdateable>Y</IsUserUpdateable>
        <AD_Role_ID reference="id"/>
        <AD_UserDef_Win_UU>ebe49f8c-15b0-4f02-88e6-3fcab35798fe</AD_UserDef_Win_UU>
        <AD_UserDef_Tab type="table">
            <AD_Org_ID>0</AD_Org_ID>
            <IsActive>Y</IsActive>
            <AD_UserDef_Win_ID reference="uuid" reference-key="AD_UserDef_Win">ebe49f8c-15b0-4f02-88e6-3fcab35798fe</AD_UserDef_Win_ID>
            <AD_Tab_ID reference="uuid" reference-key="AD_Tab">df2c1453-90f1-4550-8367-34acea2e4562</AD_Tab_ID>
            <Name/>
            <Description/>
            <Help/>
            <IsSingleRow/>
            <IsReadOnly/>
            <IsMultiRowOnly>N</IsMultiRowOnly>
            <AD_UserDef_Tab_UU>66167e7d-f5de-407b-84c8-c0d9776cb03f</AD_UserDef_Tab_UU>
            <ReadOnlyLogic/>
            <WhereClause/>
            <OrderByClause/>
            <AD_Process_ID reference="id"/>
            <SeqNo>0</SeqNo>
            <DisplayLogic/>
            <IsLookupOnlySelection/>
            <IsAllowAdvancedLookup/>
            <IsHighVolume/>
            <DeleteConfirmationLogic/>
            <AD_UserDef_Field type="table">
                <AD_Org_ID>0</AD_Org_ID>
                <IsActive>Y</IsActive>
                <AD_UserDef_Tab_ID reference="uuid" reference-key="AD_UserDef_Tab">66167e7d-f5de-407b-84c8-c0d9776cb03f</AD_UserDef_Tab_ID>
                <AD_Field_ID reference="uuid" reference-key="AD_Field">478ca8d9-6ad7-4bb5-833c-a68967ff9547</AD_Field_ID>
                <Name/>
                <Description/>
                <Help/>
                <IsDisplayed/>
                <DisplayLength>0</DisplayLength>
                <DisplayLogic>1=2</DisplayLogic>
                <IsReadOnly/>
                <IsUpdateable/>
                <SortNo>0</SortNo>
                <SeqNo>0</SeqNo>
                <IsSameLine/>
                <DefaultValue>Y</DefaultValue>
                <AD_UserDef_Field_UU>03e1a16e-c4be-4bde-8575-e99b97b42e8b</AD_UserDef_Field_UU>
                <IsAlwaysUpdateable/>
                <MandatoryLogic/>
                <ReadOnlyLogic/>
                <AD_Reference_Value_ID reference="id"/>
                <IsMandatory/>
                <XPosition>0</XPosition>
                <NumLines>0</NumLines>
                <ColumnSpan>0</ColumnSpan>
                <IsToolbarButton/>
                <AD_Reference_ID reference="id"/>
                <AD_Val_Rule_ID reference="id"/>
                <VFormat/>
                <AD_LabelStyle_ID reference="id"/>
                <AD_FieldStyle_ID reference="id"/>
                <PA_DashboardContent_ID reference="id"/>
                <Placeholder/>
                <AD_Val_Rule_Lookup_ID reference="id"/>
                <IsAutocomplete/>
                <AD_FieldGroup_ID reference="id"/>
                <SeqNoGrid>0</SeqNoGrid>
                <IsDisplayedGrid/>
                <AD_Chart_ID reference="id"/>
                <AlwaysUpdatableLogic/>
                <IsHtml/>
            </AD_UserDef_Field>
        </AD_UserDef_Tab>
    </AD_UserDef_Win>
</idempiere>
