<?xml version="1.0" encoding="UTF-8"?><?xml-stylesheet type="text/css" href="idempiereDocument.css"?><idempiereDocument>
    <header>payment.selection.manual Package Description</header>
    <H1>Package Name:</H1>
    <packagename>payment.selection.manual</packagename>
    <H1>Author:</H1>
    <Name:/>
    <H1>Email Address:</H1>
    <Email/>
    <H1>Created:</H1>
    <Date>2025-02-17 02:38:43.286</Date>
    <H1>Updated:</H1>
    <Date>2025-03-03 11:59:37.297</Date>
    <H1>Description:</H1>
    <description>Core change for convert payment selection (manual) form to info window</description>
    <H1>Instructions:</H1>
    <instructions/>
    <H1>Files in Package:</H1>
    <file>File: PackOut.xml</file>
    <filedirectory>Directory: \dict\</filedirectory>
    <filenotes>Notes: Contains all application/object settings for package</filenotes>
    <H1>Client:</H1>
    <Client>0-SYSTEM-System</Client>
</idempiereDocument>
